timestamp,temperature,humidity,zone
2025-11-02 00:00:00,20.74507122951685,48.8146248118393,Zone_A_Rooftop
2025-11-02 00:15:00,19.809732162334395,48.747483422582135,Zone_A_Rooftop
2025-11-02 00:30:00,21.039973916160555,46.6464784867465,Zone_A_Rooftop
2025-11-02 00:45:00,22.438262541386194,47.857900386632785,Zone_A_Rooftop
2025-11-02 01:00:00,19.92136332760245,47.125514527369155,Zone_A_Rooftop
2025-11-02 01:15:00,20.073353528615385,52.76572646957522,Zone_A_Rooftop
2025-11-02 01:30:00,22.977782963170792,51.028814682595716,Zone_A_Rooftop
2025-11-02 01:45:00,21.976170161467856,51.579037526885415,Zone_A_Rooftop
2025-11-02 02:00:00,20.367585190822066,50.34045844511645,Zone_A_Rooftop
2025-11-02 02:15:00,22.16208316695859,46.48350971292699,Zone_A_Rooftop
2025-11-02 02:30:00,20.958046738451426,47.52104949875101,Zone_A_Rooftop
2025-11-02 02:45:00,21.286686909812797,49.36202825611124,Zone_A_Rooftop
2025-11-02 03:00:00,22.70608915785667,45.73772489755557,Zone_A_Rooftop
2025-11-02 03:15:00,19.85531311221275,49.393053028295085,Zone_A_Rooftop
2025-11-02 03:30:00,20.542531819160686,47.25877563422297,Zone_A_Rooftop
2025-11-02 03:45:00,22.712006841981722,46.750424433489016,Zone_A_Rooftop
2025-11-02 04:00:00,22.480753319498366,48.67191993640698,Zone_A_Rooftop
2025-11-02 04:15:00,24.933061477140903,47.87882572895759,Zone_A_Rooftop
2025-11-02 04:30:00,23.576496427797466,46.00014311400474,Zone_A_Rooftop
2025-11-02 04:45:00,23.31002872557177,48.765137200592726,Zone_A_Rooftop
2025-11-02 05:00:00,28.127920792562165,44.00255904776155,Zone_A_Rooftop
2025-11-02 05:15:00,26.100612973141168,47.1097776629611,Zone_A_Rooftop
2025-11-02 05:30:00,27.057082769271474,46.773570380927005,Zone_A_Rooftop
2025-11-02 05:45:00,25.339652686838672,44.675221202907665,Zone_A_Rooftop
2025-11-02 06:00:00,27.183425913212226,45.652266044484236,Zone_A_Rooftop
2025-11-02 06:15:00,28.68960891840594,42.203458765693746,Zone_A_Rooftop
2025-11-02 06:30:00,27.31771917162696,46.260686173423565,Zone_A_Rooftop
2025-11-02 06:45:00,30.124269603647534,43.752289278041445,Zone_A_Rooftop
2025-11-02 07:00:00,29.169594325941958,42.78986825600058,Zone_A_Rooftop
2025-11-02 07:15:00,30.133975097735377,45.65154085780955,Zone_A_Rooftop
2025-11-02 07:30:00,30.15890754057662,41.86923717327158,Zone_A_Rooftop
2025-11-02 07:45:00,34.31672679851542,40.192778301287376,Zone_A_Rooftop
2025-11-02 08:00:00,31.979754162893098,39.636741652952196,Zone_A_Rooftop
2025-11-02 08:15:00,30.857995470722965,43.71195385410307,Zone_A_Rooftop
2025-11-02 08:30:00,34.103908800224545,39.69971486446819,Zone_A_Rooftop
2025-11-02 08:45:00,31.44350104584402,45.54253219601842,Zone_A_Rooftop
2025-11-02 09:00:00,33.97014964199952,37.6541606688931,Zone_A_Rooftop
2025-11-02 09:15:00,31.075213274012157,45.00963360292468,Zone_A_Rooftop
2025-11-02 09:30:00,32.35454764898223,41.85194490309468,Zone_A_Rooftop
2025-11-02 09:45:00,34.94704875222404,41.06496052089776,Zone_A_Rooftop
2025-11-02 10:00:00,36.03590310026862,40.01304750935213,Zone_A_Rooftop
2025-11-02 10:15:00,35.432034354046465,41.76234489180705,Zone_A_Rooftop
2025-11-02 10:30:00,35.217563836507935,40.76727269884951,Zone_A_Rooftop
2025-11-02 10:45:00,35.12378549257691,42.945418181305065,Zone_A_Rooftop
2025-11-02 11:00:00,33.50962362476141,40.88178907902327,Zone_A_Rooftop
2025-11-02 11:15:00,34.76651593063378,40.887069761109224,Zone_A_Rooftop
2025-11-02 11:30:00,35.240600734550796,39.81127369939014,Zone_A_Rooftop
2025-11-02 11:45:00,37.568554725237206,40.39574359798415,Zone_A_Rooftop
2025-11-02 12:00:00,36.515427434352695,41.11560353778412,Zone_A_Rooftop
2025-11-02 12:15:00,33.338311152864726,37.08929806011303,Zone_A_Rooftop
2025-11-02 12:30:00,36.417684845082675,37.84212727960643,Zone_A_Rooftop
2025-11-02 12:45:00,35.26865882260137,42.0729944262309,Zone_A_Rooftop
2025-11-02 13:00:00,34.71202360985361,40.99506465795507,Zone_A_Rooftop
2025-11-02 13:15:00,36.492955469222146,40.37084774456667,Zone_A_Rooftop
2025-11-02 13:30:00,36.93753554383422,40.87940996982999,Zone_A_Rooftop
2025-11-02 13:45:00,36.57190211093581,41.65923607382624,Zone_A_Rooftop
2025-11-02 14:00:00,33.66937694544155,40.0233663223513,Zone_A_Rooftop
2025-11-02 14:15:00,34.18793833464354,39.70177729383393,Zone_A_Rooftop
2025-11-02 14:30:00,34.84372186943523,41.821600478884804,Zone_A_Rooftop
2025-11-02 14:45:00,35.47803615051536,39.659975311114536,Zone_A_Rooftop
2025-11-02 15:00:00,32.93809289272445,42.63452499608948,Zone_A_Rooftop
2025-11-02 15:15:00,32.99627805580483,38.62777662357401,Zone_A_Rooftop
2025-11-02 15:30:00,31.21058897106073,44.31888484411204,Zone_A_Rooftop
2025-11-02 15:45:00,30.65025192803581,43.44512891623788,Zone_A_Rooftop
2025-11-02 16:00:00,33.218788733591296,43.262059468627754,Zone_A_Rooftop
2025-11-02 16:15:00,33.57266956460825,44.97508286190552,Zone_A_Rooftop
2025-11-02 16:30:00,30.95345227655022,46.60887344328225,Zone_A_Rooftop
2025-11-02 16:45:00,32.076815069263326,45.58226253617203,Zone_A_Rooftop
2025-11-02 17:00:00,30.613006398391622,40.153565834375364,Zone_A_Rooftop
2025-11-02 17:15:00,28.593042944221338,41.562939617456024,Zone_A_Rooftop
2025-11-02 17:30:00,29.586302946023036,43.16299497961841,Zone_A_Rooftop
2025-11-02 17:45:00,30.830279883540097,44.75786801888602,Zone_A_Rooftop
2025-11-02 18:00:00,27.946260941335073,46.03531804093824,Zone_A_Rooftop
2025-11-02 18:15:00,29.823740449879867,43.84282645522872,Zone_A_Rooftop
2025-11-02 18:30:00,23.02617280610497,45.96090139394439,Zone_A_Rooftop
2025-11-02 18:45:00,27.672131180433812,44.36714058436593,Zone_A_Rooftop
2025-11-02 19:00:00,26.06001824153709,44.94165009697745,Zone_A_Rooftop
2025-11-02 19:15:00,24.979973251875904,43.63315540016779,Zone_A_Rooftop
2025-11-02 19:30:00,25.076173705882535,44.87560895342109,Zone_A_Rooftop
2025-11-02 19:45:00,21.48033710634665,44.28692989475284,Zone_A_Rooftop
2025-11-02 20:00:00,23.670492168243737,45.29825349404533,Zone_A_Rooftop
2025-11-02 20:15:00,24.091106993110802,49.607349641803886,Zone_A_Rooftop
2025-11-02 20:30:00,25.34674963504251,45.84062865287535,Zone_A_Rooftop
2025-11-02 20:45:00,21.94782815178898,53.23182029762509,Zone_A_Rooftop
2025-11-02 21:00:00,21.13040534616784,49.16861631710124,Zone_A_Rooftop
2025-11-02 21:15:00,21.232645974791374,48.75295138104515,Zone_A_Rooftop
2025-11-02 21:30:00,23.026276454223233,46.85337447094813,Zone_A_Rooftop
2025-11-02 21:45:00,21.841369766069164,50.14223301417943,Zone_A_Rooftop
2025-11-02 22:00:00,20.277156464073936,47.74583866455443,Zone_A_Rooftop
2025-11-02 22:15:00,21.594919217408528,49.27994696618782,Zone_A_Rooftop
2025-11-02 22:30:00,20.754580063931765,54.27762697283838,Zone_A_Rooftop
2025-11-02 22:45:00,21.87752644983849,49.069065783278674,Zone_A_Rooftop
2025-11-02 23:00:00,19.219513748871424,51.645212870872165,Zone_A_Rooftop
2025-11-02 23:15:00,19.662224536877503,48.007180911562756,Zone_A_Rooftop
2025-11-02 23:30:00,19.480278879311278,49.391524895188226,Zone_A_Rooftop
2025-11-02 23:45:00,17.82185619189299,53.031966425844736,Zone_A_Rooftop
2025-11-03 00:00:00,20.444180415596865,48.24606588442447,Zone_A_Rooftop
2025-11-03 00:15:00,20.408711522361003,53.11526227056758,Zone_A_Rooftop
2025-11-03 00:30:00,20.076111293973206,50.8770057470931,Zone_A_Rooftop
2025-11-03 00:45:00,19.801837056711435,48.288600210026,Zone_A_Rooftop
2025-11-03 01:00:00,18.149537276611834,50.61148169641185,Zone_A_Rooftop
2025-11-03 01:15:00,19.793590979891118,51.20629448198144,Zone_A_Rooftop
2025-11-03 01:30:00,20.09489196511955,50.40107782073518,Zone_A_Rooftop
2025-11-03 01:45:00,19.621602163906065,45.89547789711618,Zone_A_Rooftop
2025-11-03 02:00:00,20.82986820222548,47.44283996538024,Zone_A_Rooftop
2025-11-03 02:15:00,21.954319386801448,48.24657598425844,Zone_A_Rooftop
2025-11-03 02:30:00,24.482452129485914,48.42122317311046,Zone_A_Rooftop
2025-11-03 02:45:00,22.24714825941594,49.624623328756755,Zone_A_Rooftop
2025-11-03 03:00:00,22.729471336591768,48.53738251720597,Zone_A_Rooftop
2025-11-03 03:15:00,22.6135646055502,45.296367450530106,Zone_A_Rooftop
2025-11-03 03:30:00,20.251751744981675,48.49982213255117,Zone_A_Rooftop
2025-11-03 03:45:00,23.51566732266936,48.72123753915586,Zone_A_Rooftop
2025-11-03 04:00:00,24.09034531491154,48.36958089586208,Zone_A_Rooftop
2025-11-03 04:15:00,28.156553646975922,49.15186055709475,Zone_A_Rooftop
2025-11-03 04:30:00,24.649991093907598,48.38991975474071,Zone_A_Rooftop
2025-11-03 04:45:00,25.880805291075127,47.3648377523211,Zone_A_Rooftop
2025-11-03 05:00:00,25.877379984621967,46.02435428004405,Zone_A_Rooftop
2025-11-03 05:15:00,24.686260367441676,42.555984582040594,Zone_A_Rooftop
2025-11-03 05:30:00,28.67002468401212,46.446604303255405,Zone_A_Rooftop
2025-11-03 05:45:00,28.604674515189018,45.70968945586187,Zone_A_Rooftop
2025-11-03 06:00:00,29.18654792056457,45.54315767439075,Zone_A_Rooftop
2025-11-03 06:15:00,27.159143851649034,42.152188766823734,Zone_A_Rooftop
2025-11-03 06:30:00,31.148401004164562,42.25051905419324,Zone_A_Rooftop
2025-11-03 06:45:00,27.457945981940604,46.22839925759323,Zone_A_Rooftop
2025-11-03 07:00:00,30.950838001520573,43.75620398932535,Zone_A_Rooftop
2025-11-03 07:15:00,33.85719916114026,44.916523800881016,Zone_A_Rooftop
2025-11-03 07:30:00,29.575662971224684,43.33456130661802,Zone_A_Rooftop
2025-11-03 07:45:00,30.688862927347852,43.069213173005984,Zone_A_Rooftop
2025-11-03 08:00:00,32.149477047631464,44.626567611952,Zone_A_Rooftop
2025-11-03 08:15:00,31.68934838298252,41.467844494977044,Zone_A_Rooftop
2025-11-03 08:30:00,30.544096285470566,42.452815123342724,Zone_A_Rooftop
2025-11-03 08:45:00,33.377610983009596,41.1083932546396,Zone_A_Rooftop
2025-11-03 09:00:00,32.063398678903226,40.94902702979591,Zone_A_Rooftop
2025-11-03 09:15:00,34.725107105784595,40.998376619407324,Zone_A_Rooftop
2025-11-03 09:30:00,32.96769037097918,41.87417751195687,Zone_A_Rooftop
2025-11-03 09:45:00,36.976658505946666,40.300889501311595,Zone_A_Rooftop
2025-11-03 10:00:00,33.75332329177115,43.614397934117065,Zone_A_Rooftop
2025-11-03 10:15:00,34.691889657953,39.174858058663894,Zone_A_Rooftop
2025-11-03 10:30:00,36.6113120861448,40.46879881537649,Zone_A_Rooftop
2025-11-03 10:45:00,33.72914456130991,39.85935230072367,Zone_A_Rooftop
2025-11-03 11:00:00,36.06859651221875,43.54728955040665,Zone_A_Rooftop
2025-11-03 11:15:00,37.806996374649486,40.97957579120862,Zone_A_Rooftop
2025-11-03 11:30:00,33.520334039148636,42.602187202755125,Zone_A_Rooftop
2025-11-03 11:45:00,36.259822173707285,37.53851409935234,Zone_A_Rooftop
2025-11-03 12:00:00,36.38982419137263,41.03410053173852,Zone_A_Rooftop
2025-11-03 12:15:00,37.15560569357479,42.288896436673156,Zone_A_Rooftop
2025-11-03 12:30:00,34.07613282467336,40.7030661023687,Zone_A_Rooftop
2025-11-03 12:45:00,33.86559732359943,42.71742698831617,Zone_A_Rooftop
2025-11-03 13:00:00,36.5103189587379,39.61875688149844,Zone_A_Rooftop
2025-11-03 13:15:00,36.020918045810625,43.557509297643186,Zone_A_Rooftop
2025-11-03 13:30:00,35.76677553560911,45.44033835093771,Zone_A_Rooftop
2025-11-03 13:45:00,35.69465424650697,40.238395542223586,Zone_A_Rooftop
2025-11-03 14:00:00,33.90816614790777,40.21188064016848,Zone_A_Rooftop
2025-11-03 14:15:00,35.000137444161865,44.16515569887395,Zone_A_Rooftop
2025-11-03 14:30:00,34.7864354322779,44.58905426015087,Zone_A_Rooftop
2025-11-03 14:45:00,32.94319133279227,40.571000812038065,Zone_A_Rooftop
2025-11-03 15:00:00,36.455516016209515,40.977645850468825,Zone_A_Rooftop
2025-11-03 15:15:00,33.98551590216824,41.46937461432867,Zone_A_Rooftop
2025-11-03 15:30:00,31.083136186265797,39.5716725473922,Zone_A_Rooftop
2025-11-03 15:45:00,33.42939227710756,40.6626300584434,Zone_A_Rooftop
2025-11-03 16:00:00,30.537977494659017,40.74171846649586,Zone_A_Rooftop
2025-11-03 16:15:00,32.71893642736569,41.474105763806236,Zone_A_Rooftop
2025-11-03 16:30:00,32.799360827431826,43.20855477958353,Zone_A_Rooftop
2025-11-03 16:45:00,29.340492244897728,44.02195187120881,Zone_A_Rooftop
2025-11-03 17:00:00,31.515616554686652,46.93631528266681,Zone_A_Rooftop
2025-11-03 17:15:00,30.179893966533772,42.12538546944984,Zone_A_Rooftop
2025-11-03 17:30:00,30.27729977775215,46.38127693196293,Zone_A_Rooftop
2025-11-03 17:45:00,31.368414507822063,44.27770823001334,Zone_A_Rooftop
2025-11-03 18:00:00,27.631917825995693,44.901072580695136,Zone_A_Rooftop
2025-11-03 18:15:00,26.346170719622624,46.64395306586886,Zone_A_Rooftop
2025-11-03 18:30:00,25.621518817801302,43.341923821865635,Zone_A_Rooftop
2025-11-03 18:45:00,25.215561996422817,46.64272594144068,Zone_A_Rooftop
2025-11-03 19:00:00,25.813795075058678,46.49759011938745,Zone_A_Rooftop
2025-11-03 19:15:00,25.940212239799674,47.43138012188053,Zone_A_Rooftop
2025-11-03 19:30:00,25.353568740074312,47.300412733458536,Zone_A_Rooftop
2025-11-03 19:45:00,25.702465351802022,51.90089938580729,Zone_A_Rooftop
2025-11-03 20:00:00,24.019502837816866,45.97452003149737,Zone_A_Rooftop
2025-11-03 20:15:00,25.735739251579158,46.43807213858457,Zone_A_Rooftop
2025-11-03 20:30:00,22.732923318073304,46.493145377689714,Zone_A_Rooftop
2025-11-03 20:45:00,26.805487229083877,46.8561019296298,Zone_A_Rooftop
2025-11-03 21:00:00,23.281646772155135,46.907206260726426,Zone_A_Rooftop
2025-11-03 21:15:00,20.699545205543757,50.7613121958705,Zone_A_Rooftop
2025-11-03 21:30:00,20.04683453057845,51.411098527290264,Zone_A_Rooftop
2025-11-03 21:45:00,22.071951724444414,47.6001206678625,Zone_A_Rooftop
2025-11-03 22:00:00,20.736602591735718,47.23240317082151,Zone_A_Rooftop
2025-11-03 22:15:00,21.896018808876633,49.978758449669904,Zone_A_Rooftop
2025-11-03 22:30:00,21.31882017677002,48.05301180773885,Zone_A_Rooftop
2025-11-03 22:45:00,20.31531559505385,50.527049218239,Zone_A_Rooftop
2025-11-03 23:00:00,19.002402812584847,49.752512260003414,Zone_A_Rooftop
2025-11-03 23:15:00,17.881446919745358,46.38204553182007,Zone_A_Rooftop
2025-11-03 23:30:00,19.398668680908983,52.55651227884227,Zone_A_Rooftop
2025-11-03 23:45:00,21.30172680557638,53.08212050076476,Zone_A_Rooftop
2025-11-04 00:00:00,20.321140616195304,48.27442261903123,Zone_A_Rooftop
2025-11-04 00:15:00,18.148520446023188,48.71496203470175,Zone_A_Rooftop
2025-11-04 00:30:00,20.32821249778629,50.033232657631956,Zone_A_Rooftop
2025-11-04 00:45:00,20.73169382636741,50.08244734178859,Zone_A_Rooftop
2025-11-04 01:00:00,18.946807235385755,50.66375476364647,Zone_A_Rooftop
2025-11-04 01:15:00,20.65514662295745,53.28159466026067,Zone_A_Rooftop
2025-11-04 01:30:00,20.696276817578703,48.80356344131269,Zone_A_Rooftop
2025-11-04 01:45:00,19.11056262099256,47.43933284782019,Zone_A_Rooftop
2025-11-04 02:00:00,21.608477810246917,46.13847586100092,Zone_A_Rooftop
2025-11-04 02:15:00,22.189419891131994,47.27975317547761,Zone_A_Rooftop
2025-11-04 02:30:00,23.277750142433035,48.50383608556296,Zone_A_Rooftop
2025-11-04 02:45:00,23.565984618220536,51.972394860690976,Zone_A_Rooftop
2025-11-04 03:00:00,20.276641698571986,47.14675791726712,Zone_A_Rooftop
2025-11-04 03:15:00,21.318495919326764,48.414632071228105,Zone_A_Rooftop
2025-11-04 03:30:00,23.902461468743226,47.70658063839374,Zone_A_Rooftop
2025-11-04 03:45:00,24.326117062211495,49.87685259548438,Zone_A_Rooftop
2025-11-04 04:00:00,24.77257152945907,52.30386485174724,Zone_A_Rooftop
2025-11-04 04:15:00,30.240787714230073,45.928561560144864,Zone_A_Rooftop
2025-11-04 04:30:00,25.794868307119035,45.74319656060646,Zone_A_Rooftop
2025-11-04 04:45:00,27.131832737845606,48.53479934800237,Zone_A_Rooftop
2025-11-04 05:00:00,27.360450284419638,47.52846868221397,Zone_A_Rooftop
2025-11-04 05:15:00,27.41636430082967,49.571321100544644,Zone_A_Rooftop
2025-11-04 05:30:00,26.48288659527907,46.75522423564216,Zone_A_Rooftop
2025-11-04 05:45:00,28.61522879689876,44.57572989996153,Zone_A_Rooftop
2025-11-04 06:00:00,26.840762178193643,46.18130966138462,Zone_A_Rooftop
2025-11-04 06:15:00,28.16799712373113,46.92309307963017,Zone_A_Rooftop
2025-11-04 06:30:00,28.31616421601676,46.05359649740449,Zone_A_Rooftop
2025-11-04 06:45:00,29.68353378520851,45.13664161314202,Zone_A_Rooftop
2025-11-04 07:00:00,33.54254021083043,45.96866367621696,Zone_A_Rooftop
2025-11-04 07:15:00,27.77061793353767,45.89211358702711,Zone_A_Rooftop
2025-11-04 07:30:00,32.090857744482484,46.042242536432155,Zone_A_Rooftop
2025-11-04 07:45:00,29.11923571496753,44.30712066919378,Zone_A_Rooftop
2025-11-04 08:00:00,31.29210220131585,42.41576383936629,Zone_A_Rooftop
2025-11-04 08:15:00,34.077987759607865,42.793361324278436,Zone_A_Rooftop
2025-11-04 08:30:00,32.96651146071296,44.67359150247747,Zone_A_Rooftop
2025-11-04 08:45:00,31.658149353906595,40.39907249007522,Zone_A_Rooftop
2025-11-04 09:00:00,32.58389868560243,42.55536610240634,Zone_A_Rooftop
2025-11-04 09:15:00,35.034115083233836,40.83004324168988,Zone_A_Rooftop
2025-11-04 09:30:00,33.251276774754174,41.48739961455908,Zone_A_Rooftop
2025-11-04 09:45:00,34.97644478279332,43.815290469853146,Zone_A_Rooftop
2025-11-04 10:00:00,34.99656099013123,41.48508381900983,Zone_A_Rooftop
2025-11-04 10:15:00,34.197581410852784,41.0569457594152,Zone_A_Rooftop
2025-11-04 10:30:00,38.606952394078284,38.12282982173937,Zone_A_Rooftop
2025-11-04 10:45:00,36.52631956943786,42.231321549326466,Zone_A_Rooftop
2025-11-04 11:00:00,32.689692730326136,41.94430214398134,Zone_A_Rooftop
2025-11-04 11:15:00,36.12596371537998,44.912975684796386,Zone_A_Rooftop
2025-11-04 11:30:00,34.9388791938379,39.92294165391185,Zone_A_Rooftop
2025-11-04 11:45:00,37.26152138810316,40.94793550075416,Zone_A_Rooftop
2025-11-04 12:00:00,34.81121889235095,40.99876736742151,Zone_A_Rooftop
2025-11-04 12:15:00,35.81076672370848,43.66454140495323,Zone_A_Rooftop
2025-11-04 12:30:00,36.689039809461164,40.34790705904395,Zone_A_Rooftop
2025-11-04 12:45:00,37.14491503448102,41.144509289726145,Zone_A_Rooftop
2025-11-04 13:00:00,33.92696199972889,41.86912680113227,Zone_A_Rooftop
2025-11-04 13:15:00,35.07368918219942,41.11203266358474,Zone_A_Rooftop
2025-11-04 13:30:00,34.67861829334886,39.94967487459815,Zone_A_Rooftop
2025-11-04 13:45:00,34.19498808340094,41.35225264889952,Zone_A_Rooftop
2025-11-04 14:00:00,37.57638459069715,43.25014918268957,Zone_A_Rooftop
2025-11-04 14:15:00,35.25922946486179,39.20535614581643,Zone_A_Rooftop
2025-11-04 14:30:00,32.455500790827315,41.69584931698319,Zone_A_Rooftop
2025-11-04 14:45:00,35.39151138041398,40.216479236466256,Zone_A_Rooftop
2025-11-04 15:00:00,36.840088545011334,44.208112742510224,Zone_A_Rooftop
2025-11-04 15:15:00,34.82346441162728,38.98657002248214,Zone_A_Rooftop
2025-11-04 15:30:00,30.59103648313875,41.14272987491758,Zone_A_Rooftop
2025-11-04 15:45:00,31.71821075485744,43.25435770154083,Zone_A_Rooftop
2025-11-04 16:00:00,33.90036672377993,45.88104805846868,Zone_A_Rooftop
2025-11-04 16:15:00,30.47680532332384,42.878200371868516,Zone_A_Rooftop
2025-11-04 16:30:00,31.72719660114006,42.1675255009707,Zone_A_Rooftop
2025-11-04 16:45:00,31.733466802569296,47.31583654501695,Zone_A_Rooftop
2025-11-04 17:00:00,28.680156653453047,40.93928649620617,Zone_A_Rooftop
2025-11-04 17:15:00,29.471434542036324,39.72448163768726,Zone_A_Rooftop
2025-11-04 17:30:00,24.182308527656808,45.29266103511643,Zone_A_Rooftop
2025-11-04 17:45:00,26.986643571839707,43.70157746975913,Zone_A_Rooftop
2025-11-04 18:00:00,27.62114777291026,42.957534365738574,Zone_A_Rooftop
2025-11-04 18:15:00,25.605100193211584,46.71102697613435,Zone_A_Rooftop
2025-11-04 18:30:00,29.40440741813704,46.07496929253263,Zone_A_Rooftop
2025-11-04 18:45:00,24.294065356930027,44.74974918759912,Zone_A_Rooftop
2025-11-04 19:00:00,25.26938090913436,43.60407690561956,Zone_A_Rooftop
2025-11-04 19:15:00,25.624595143503843,48.19139225042452,Zone_A_Rooftop
2025-11-04 19:30:00,27.100442474678456,48.02247780156022,Zone_A_Rooftop
2025-11-04 19:45:00,22.307897251478828,46.79194737842674,Zone_A_Rooftop
2025-11-04 20:00:00,25.744745628232444,50.94327399209533,Zone_A_Rooftop
2025-11-04 20:15:00,23.57078772737256,45.3598965159359,Zone_A_Rooftop
2025-11-04 20:30:00,21.65764559135831,44.688376088689765,Zone_A_Rooftop
2025-11-04 20:45:00,23.418388690594355,46.583240028187824,Zone_A_Rooftop
2025-11-04 21:00:00,22.64173529386783,48.09080848262847,Zone_A_Rooftop
2025-11-04 21:15:00,21.084956224429988,48.86995803230079,Zone_A_Rooftop
2025-11-04 21:30:00,21.757876405155148,48.087617915597896,Zone_A_Rooftop
2025-11-04 21:45:00,20.770272706286995,49.44572404839004,Zone_A_Rooftop
2025-11-04 22:00:00,21.242072787601366,46.394035468649086,Zone_A_Rooftop
2025-11-04 22:15:00,21.818214079520065,51.923456545043614,Zone_A_Rooftop
2025-11-04 22:30:00,22.987988964127734,48.993155539515655,Zone_A_Rooftop
2025-11-04 22:45:00,18.567835715798882,51.49577724590423,Zone_A_Rooftop
2025-11-04 23:00:00,23.472143451671855,50.03211691105622,Zone_A_Rooftop
2025-11-04 23:15:00,17.225586057490403,50.3270402001221,Zone_A_Rooftop
2025-11-04 23:30:00,19.840763466456142,50.60103643664655,Zone_A_Rooftop
2025-11-04 23:45:00,20.899604423818037,50.385782274608346,Zone_A_Rooftop
2025-11-05 00:00:00,20.42148780160255,50.785445519735084,Zone_A_Rooftop
2025-11-05 00:15:00,19.08307933436028,52.14867021483858,Zone_A_Rooftop
2025-11-05 00:30:00,19.756257733473603,49.854544215585086,Zone_A_Rooftop
2025-11-05 00:45:00,19.414216354785907,50.83154127699156,Zone_A_Rooftop
2025-11-05 01:00:00,19.388546254271137,49.167194829726355,Zone_A_Rooftop
2025-11-05 01:15:00,21.698962109570694,52.14142001362692,Zone_A_Rooftop
2025-11-05 01:30:00,21.144486968857276,47.80467329218225,Zone_A_Rooftop
2025-11-05 01:45:00,19.785653674847513,52.63780820271873,Zone_A_Rooftop
2025-11-05 02:00:00,22.42119658287437,48.81679841574129,Zone_A_Rooftop
2025-11-05 02:15:00,21.809192382894555,45.880063051125354,Zone_A_Rooftop
2025-11-05 02:30:00,22.87246645592856,48.82629886113214,Zone_A_Rooftop
2025-11-05 02:45:00,22.9297248030536,47.021175818705636,Zone_A_Rooftop
2025-11-05 03:00:00,21.09965323412451,49.86326761331691,Zone_A_Rooftop
2025-11-05 03:15:00,21.884961918903993,46.66180820934553,Zone_A_Rooftop
2025-11-05 03:30:00,24.250848975615128,46.84705956410968,Zone_A_Rooftop
2025-11-05 03:45:00,24.47099353399338,43.72098458669715,Zone_A_Rooftop
2025-11-05 04:00:00,23.96864760905378,46.34538736150185,Zone_A_Rooftop
2025-11-05 04:15:00,24.637681553211163,42.142540452727594,Zone_A_Rooftop
2025-11-05 04:30:00,26.85502988476192,43.554269798671456,Zone_A_Rooftop
2025-11-05 04:45:00,24.541127194320964,47.96730690615283,Zone_A_Rooftop
2025-11-05 05:00:00,26.75009371093489,47.73628602026301,Zone_A_Rooftop
2025-11-05 05:15:00,26.135988445220132,46.7288215726425,Zone_A_Rooftop
2025-11-05 05:30:00,26.629268657398757,43.65341557873181,Zone_A_Rooftop
2025-11-05 05:45:00,29.12494024413964,45.19889136925168,Zone_A_Rooftop
2025-11-05 06:00:00,29.238124523482046,44.99279492181886,Zone_A_Rooftop
2025-11-05 06:15:00,29.7434894878421,42.38895654007927,Zone_A_Rooftop
2025-11-05 06:30:00,31.002427748491908,47.41942873854407,Zone_A_Rooftop
2025-11-05 06:45:00,29.592228338578167,45.87681813207877,Zone_A_Rooftop
2025-11-05 07:00:00,31.093481817762612,43.39338594937933,Zone_A_Rooftop
2025-11-05 07:15:00,30.106115587535108,43.60729408412483,Zone_A_Rooftop
2025-11-05 07:30:00,31.54771698765338,43.6946901702522,Zone_A_Rooftop
2025-11-05 07:45:00,31.343094940200483,38.926231157165915,Zone_A_Rooftop
2025-11-05 08:00:00,32.14549394748908,42.255645234958806,Zone_A_Rooftop
2025-11-05 08:15:00,33.33729740231219,41.13596545541619,Zone_A_Rooftop
2025-11-05 08:30:00,31.642760407219555,40.25733354967093,Zone_A_Rooftop
2025-11-05 08:45:00,36.41334743432874,41.47074324627778,Zone_A_Rooftop
2025-11-05 09:00:00,32.14782817724283,45.41339253835958,Zone_A_Rooftop
2025-11-05 09:15:00,32.19343554065022,42.89840658887862,Zone_A_Rooftop
2025-11-05 09:30:00,36.08399303257998,40.28755198912385,Zone_A_Rooftop
2025-11-05 09:45:00,35.83925093936476,42.403552307350864,Zone_A_Rooftop
2025-11-05 10:00:00,35.86438295585374,43.90159655614203,Zone_A_Rooftop
2025-11-05 10:15:00,36.11750019615793,42.813340028928444,Zone_A_Rooftop
2025-11-05 10:30:00,35.37266610081993,40.96180284353956,Zone_A_Rooftop
2025-11-05 10:45:00,34.22955947873209,39.44494086186088,Zone_A_Rooftop
2025-11-05 11:00:00,35.84111344760314,42.04978040892637,Zone_A_Rooftop
2025-11-05 11:15:00,34.830539675957674,41.37343700902896,Zone_A_Rooftop
2025-11-05 11:30:00,37.39423849111711,42.328884563873316,Zone_A_Rooftop
2025-11-05 11:45:00,35.762285313655624,41.779978448790224,Zone_A_Rooftop
2025-11-05 12:00:00,34.76175420481123,42.59910543063867,Zone_A_Rooftop
2025-11-05 12:15:00,35.50079262342934,39.43916442230515,Zone_A_Rooftop
2025-11-05 12:30:00,36.55095607240392,43.1732862550865,Zone_A_Rooftop
2025-11-05 12:45:00,35.00069541401988,40.981665447570265,Zone_A_Rooftop
2025-11-05 13:00:00,34.4940760169629,44.80385552694972,Zone_A_Rooftop
2025-11-05 13:15:00,35.94097185319871,39.36043878109289,Zone_A_Rooftop
2025-11-05 13:30:00,35.75848611675338,44.314469710029705,Zone_A_Rooftop
2025-11-05 13:45:00,34.414567169204815,41.359894230028196,Zone_A_Rooftop
2025-11-05 14:00:00,34.221645771848024,39.80004967574113,Zone_A_Rooftop
2025-11-05 14:15:00,34.99983180445681,40.2906150765299,Zone_A_Rooftop
2025-11-05 14:30:00,32.17470021008389,40.7892153523008,Zone_A_Rooftop
2025-11-05 14:45:00,31.903522798266987,42.465052759148435,Zone_A_Rooftop
2025-11-05 15:00:00,32.57918791761373,42.86369046073154,Zone_A_Rooftop
2025-11-05 15:15:00,32.954595793232784,40.88554382417253,Zone_A_Rooftop
2025-11-05 15:30:00,33.33645278046678,42.211864384938785,Zone_A_Rooftop
2025-11-05 15:45:00,34.65759618958114,46.78447466863552,Zone_A_Rooftop
2025-11-05 16:00:00,33.28648943480303,46.205086340201426,Zone_A_Rooftop
2025-11-05 16:15:00,31.298401726806873,43.882348233362556,Zone_A_Rooftop
2025-11-05 16:30:00,31.03294314706669,43.35393151069349,Zone_A_Rooftop
2025-11-05 16:45:00,29.06772167546858,43.793585059572294,Zone_A_Rooftop
2025-11-05 17:00:00,30.042782656831584,45.06235024249949,Zone_A_Rooftop
2025-11-05 17:15:00,29.127734617748818,42.076508420530615,Zone_A_Rooftop
2025-11-05 17:30:00,29.52828737826755,43.89787906016308,Zone_A_Rooftop
2025-11-05 17:45:00,27.28237861851266,41.368517770709175,Zone_A_Rooftop
2025-11-05 18:00:00,28.77901977136176,45.798446245210556,Zone_A_Rooftop
2025-11-05 18:15:00,29.775883335662723,46.58870596094113,Zone_A_Rooftop
2025-11-05 18:30:00,26.792650239554302,44.62099494039148,Zone_A_Rooftop
2025-11-05 18:45:00,27.04184500701939,49.02587997565264,Zone_A_Rooftop
2025-11-05 19:00:00,26.964663626746503,43.71315437695666,Zone_A_Rooftop
2025-11-05 19:15:00,24.826653569745954,43.51772783344459,Zone_A_Rooftop
2025-11-05 19:30:00,25.274671263794907,47.17097908276285,Zone_A_Rooftop
2025-11-05 19:45:00,24.48057907942068,49.08449571120982,Zone_A_Rooftop
2025-11-05 20:00:00,24.14651414782325,50.617855382915735,Zone_A_Rooftop
2025-11-05 20:15:00,22.395923460059983,46.58229752285033,Zone_A_Rooftop
2025-11-05 20:30:00,23.16667382931865,49.89678809740183,Zone_A_Rooftop
2025-11-05 20:45:00,23.472230916067623,47.89003922894889,Zone_A_Rooftop
2025-11-05 21:00:00,24.519861162200186,47.83672591545782,Zone_A_Rooftop
2025-11-05 21:15:00,23.42418777929599,50.150599008628745,Zone_A_Rooftop
2025-11-05 21:30:00,24.882946963937457,49.87473578813739,Zone_A_Rooftop
2025-11-05 21:45:00,20.19722175724756,45.588828941392954,Zone_A_Rooftop
2025-11-05 22:00:00,22.38027772480551,51.85019501648176,Zone_A_Rooftop
2025-11-05 22:15:00,21.10003107634602,51.796110045192,Zone_A_Rooftop
2025-11-05 22:30:00,23.893668139736214,47.90633249328173,Zone_A_Rooftop
2025-11-05 22:45:00,19.21211153600643,50.05279264960279,Zone_A_Rooftop
2025-11-05 23:00:00,19.01301062641629,50.33472659086629,Zone_A_Rooftop
2025-11-05 23:15:00,19.254628788608123,49.93488129346235,Zone_A_Rooftop
2025-11-05 23:30:00,16.882597522544806,48.360891568491304,Zone_A_Rooftop
2025-11-05 23:45:00,19.22849608157003,48.147118418697616,Zone_A_Rooftop
2025-11-06 00:00:00,18.861301007669454,49.448891858017106,Zone_A_Rooftop
2025-11-06 00:15:00,20.242719293805482,51.835823193092445,Zone_A_Rooftop
2025-11-06 00:30:00,20.581075072675254,50.54870218537101,Zone_A_Rooftop
2025-11-06 00:45:00,22.967974015597985,48.67230509764232,Zone_A_Rooftop
2025-11-06 01:00:00,21.69822914696653,50.8900636395975,Zone_A_Rooftop
2025-11-06 01:15:00,19.559203480545552,43.56410034146782,Zone_A_Rooftop
2025-11-06 01:30:00,19.261341732887168,51.454989297044996,Zone_A_Rooftop
2025-11-06 01:45:00,21.56289682499825,45.556499779340896,Zone_A_Rooftop
2025-11-06 02:00:00,19.09144695919353,48.17223243422371,Zone_A_Rooftop
2025-11-06 02:15:00,24.095431250361173,46.50227346610916,Zone_A_Rooftop
2025-11-06 02:30:00,23.42233345875205,45.98072707986874,Zone_A_Rooftop
2025-11-06 02:45:00,21.281518062011124,50.704932708412436,Zone_A_Rooftop
2025-11-06 03:00:00,19.773443956871304,47.24657811271568,Zone_A_Rooftop
2025-11-06 03:15:00,24.756042040447568,48.66006393141174,Zone_A_Rooftop
2025-11-06 03:30:00,22.95809880005131,47.64558527278087,Zone_A_Rooftop
2025-11-06 03:45:00,25.412162603803374,48.45414770303445,Zone_A_Rooftop
2025-11-06 04:00:00,21.60835851180845,47.40364378212051,Zone_A_Rooftop
2025-11-06 04:15:00,23.562627943817333,44.42431465760837,Zone_A_Rooftop
2025-11-06 04:30:00,24.946398090656558,48.71460908453718,Zone_A_Rooftop
2025-11-06 04:45:00,25.49895516822182,45.4589644275416,Zone_A_Rooftop
2025-11-06 05:00:00,25.254349431960968,43.05152190564184,Zone_A_Rooftop
2025-11-06 05:15:00,27.37355232239222,45.02167612714075,Zone_A_Rooftop
2025-11-06 05:30:00,25.354359818165698,48.58888744625886,Zone_A_Rooftop
2025-11-06 05:45:00,27.263205738626915,46.99475756576263,Zone_A_Rooftop
2025-11-06 06:00:00,28.18044344756785,44.30269573118428,Zone_A_Rooftop
2025-11-06 06:15:00,29.294883284929266,44.007170509827496,Zone_A_Rooftop
2025-11-06 06:30:00,30.111631854893748,43.769362032575,Zone_A_Rooftop
2025-11-06 06:45:00,27.873759438372225,48.2755895180491,Zone_A_Rooftop
2025-11-06 07:00:00,27.769381104716732,44.59918520150176,Zone_A_Rooftop
2025-11-06 07:15:00,32.488030955273054,44.413605700517905,Zone_A_Rooftop
2025-11-06 07:30:00,31.559938476890103,45.338491462420784,Zone_A_Rooftop
2025-11-06 07:45:00,30.41557971691718,43.48727921206752,Zone_A_Rooftop
2025-11-06 08:00:00,34.32672796328379,42.23191570835859,Zone_A_Rooftop
2025-11-06 08:15:00,32.618073815596105,42.107234253241835,Zone_A_Rooftop
2025-11-06 08:30:00,34.639037208165504,42.117371050632634,Zone_A_Rooftop
2025-11-06 08:45:00,33.37604424291572,41.95849935903001,Zone_A_Rooftop
2025-11-06 09:00:00,36.74797613681537,43.2732785719345,Zone_A_Rooftop
2025-11-06 09:15:00,36.647729723496624,41.7206126379592,Zone_A_Rooftop
2025-11-06 09:30:00,33.97338049961127,42.8951901231206,Zone_A_Rooftop
2025-11-06 09:45:00,36.10911332485189,41.096953584421385,Zone_A_Rooftop
2025-11-06 10:00:00,35.89626715465323,41.26015606360221,Zone_A_Rooftop
2025-11-06 10:15:00,37.22792926856003,36.96767129403869,Zone_A_Rooftop
2025-11-06 10:30:00,33.94365106922014,42.675197453104175,Zone_A_Rooftop
2025-11-06 10:45:00,36.6045182259585,41.43179136906801,Zone_A_Rooftop
2025-11-06 11:00:00,37.31504334058693,42.649354001418494,Zone_A_Rooftop
2025-11-06 11:15:00,33.20817301359117,34.793955481798086,Zone_A_Rooftop
2025-11-06 11:30:00,34.15667112199182,44.715247533379305,Zone_A_Rooftop
2025-11-06 11:45:00,32.92402311926868,40.230455589115934,Zone_A_Rooftop
2025-11-06 12:00:00,35.595889748333164,42.716365633475036,Zone_A_Rooftop
2025-11-06 12:15:00,37.05918476960277,38.42982299117522,Zone_A_Rooftop
2025-11-06 12:30:00,38.185094469134526,41.764045933942995,Zone_A_Rooftop
2025-11-06 12:45:00,35.957424413855506,38.47963511183816,Zone_A_Rooftop
2025-11-06 13:00:00,38.17032992866949,39.40579586030758,Zone_A_Rooftop
2025-11-06 13:15:00,33.50528884863851,44.5668771250056,Zone_A_Rooftop
2025-11-06 13:30:00,32.83596260105757,40.461177302172516,Zone_A_Rooftop
2025-11-06 13:45:00,35.09166038391658,41.39893840946235,Zone_A_Rooftop
2025-11-06 14:00:00,35.504301403684465,42.84302114434753,Zone_A_Rooftop
2025-11-06 14:15:00,34.60271477627922,42.24975052058376,Zone_A_Rooftop
2025-11-06 14:30:00,31.245663572270065,41.7307477789766,Zone_A_Rooftop
2025-11-06 14:45:00,33.88103840056264,42.34664287127705,Zone_A_Rooftop
2025-11-06 15:00:00,31.700149998735103,46.62485065513709,Zone_A_Rooftop
2025-11-06 15:15:00,34.279275344045615,41.91770623798252,Zone_A_Rooftop
2025-11-06 15:30:00,33.41998880121504,42.66277166289069,Zone_A_Rooftop
2025-11-06 15:45:00,31.034742184665784,44.601242743427015,Zone_A_Rooftop
2025-11-06 16:00:00,31.22919962399496,44.96105186591597,Zone_A_Rooftop
2025-11-06 16:15:00,29.949489238918584,45.383761505135254,Zone_A_Rooftop
2025-11-06 16:30:00,30.967448813010964,44.55538499841546,Zone_A_Rooftop
2025-11-06 16:45:00,32.00422920317715,41.267512580674804,Zone_A_Rooftop
2025-11-06 17:00:00,28.591963291316855,47.10217736164085,Zone_A_Rooftop
2025-11-06 17:15:00,30.31679234940579,41.82940276489005,Zone_A_Rooftop
2025-11-06 17:30:00,28.248823110201755,45.01790306548783,Zone_A_Rooftop
2025-11-06 17:45:00,27.333915785447626,43.19713421842564,Zone_A_Rooftop
2025-11-06 18:00:00,27.839454460068165,44.87172330681401,Zone_A_Rooftop
2025-11-06 18:15:00,25.923911482529796,45.951838902142605,Zone_A_Rooftop
2025-11-06 18:30:00,26.125316504218816,46.23008229589078,Zone_A_Rooftop
2025-11-06 18:45:00,24.642460584987703,46.721747957543144,Zone_A_Rooftop
2025-11-06 19:00:00,28.87653533855442,49.39210824107864,Zone_A_Rooftop
2025-11-06 19:15:00,25.4813796055323,47.35354619689219,Zone_A_Rooftop
2025-11-06 19:30:00,23.888944279090406,46.23376217506161,Zone_A_Rooftop
2025-11-06 19:45:00,24.78266034434932,48.918473442562224,Zone_A_Rooftop
2025-11-06 20:00:00,23.831507925463757,49.62894097784928,Zone_A_Rooftop
2025-11-06 20:15:00,23.22398373654335,45.044850418314226,Zone_A_Rooftop
2025-11-06 20:30:00,24.051158617995373,48.934226570238955,Zone_A_Rooftop
2025-11-06 20:45:00,23.861495044270406,49.36940165257211,Zone_A_Rooftop
2025-11-06 21:00:00,21.547394029091834,47.58685350861948,Zone_A_Rooftop
2025-11-06 21:15:00,21.121554179201162,51.13469276027864,Zone_A_Rooftop
2025-11-06 21:30:00,21.240595731942655,48.269978857245505,Zone_A_Rooftop
2025-11-06 21:45:00,17.89536135447626,48.992766162304534,Zone_A_Rooftop
2025-11-06 22:00:00,18.799010176426663,48.550970668462234,Zone_A_Rooftop
2025-11-06 22:15:00,22.87532946890528,49.06708543206003,Zone_A_Rooftop
2025-11-06 22:30:00,23.07641531016163,46.96490772251039,Zone_A_Rooftop
2025-11-06 22:45:00,20.05100490470459,46.381083817539384,Zone_A_Rooftop
2025-11-06 23:00:00,21.137428834271105,52.535676344750755,Zone_A_Rooftop
2025-11-06 23:15:00,20.62059298858946,47.71961106517788,Zone_A_Rooftop
2025-11-06 23:30:00,24.68676232169237,47.47871717726953,Zone_A_Rooftop
2025-11-06 23:45:00,21.696490981243034,45.18358492736628,Zone_A_Rooftop
2025-11-07 00:00:00,19.80812361277885,48.22207650462099,Zone_A_Rooftop
2025-11-07 00:15:00,18.583817953190533,46.84418556775872,Zone_A_Rooftop
2025-11-07 00:30:00,17.658771628623157,52.74553219645489,Zone_A_Rooftop
2025-11-07 00:45:00,20.45891321057499,51.4331679404998,Zone_A_Rooftop
2025-11-07 01:00:00,19.138067271761,47.97036552794536,Zone_A_Rooftop
2025-11-07 01:15:00,18.291178399642646,53.76605719341659,Zone_A_Rooftop
2025-11-07 01:30:00,19.639104413545915,51.12098887028398,Zone_A_Rooftop
2025-11-07 01:45:00,19.202696062316903,48.38626456987985,Zone_A_Rooftop
2025-11-07 02:00:00,23.60250922233334,43.898302887282824,Zone_A_Rooftop
2025-11-07 02:15:00,22.670702737003815,53.32349840054293,Zone_A_Rooftop
2025-11-07 02:30:00,21.641214315695194,45.790945097783364,Zone_A_Rooftop
2025-11-07 02:45:00,24.20519774850322,45.092481639741614,Zone_A_Rooftop
2025-11-07 03:00:00,22.459198211979047,50.22712137935874,Zone_A_Rooftop
2025-11-07 03:15:00,21.433307177207055,52.84656098062886,Zone_A_Rooftop
2025-11-07 03:30:00,25.41459468383472,50.507972067560274,Zone_A_Rooftop
2025-11-07 03:45:00,24.36380320137017,48.627884288692925,Zone_A_Rooftop
2025-11-07 04:00:00,22.444130768510316,48.43950868333057,Zone_A_Rooftop
2025-11-07 04:15:00,24.17618246112258,48.697130223546125,Zone_A_Rooftop
2025-11-07 04:30:00,23.625105161002146,48.23993262521643,Zone_A_Rooftop
2025-11-07 04:45:00,23.354284681128203,47.00886044180298,Zone_A_Rooftop
2025-11-07 05:00:00,27.318713960477297,46.373087910865095,Zone_A_Rooftop
2025-11-07 05:15:00,29.303402384576167,45.75272019327353,Zone_A_Rooftop
2025-11-07 05:30:00,24.857939101510876,44.07943868725688,Zone_A_Rooftop
2025-11-07 05:45:00,28.321228821194712,44.732963927802096,Zone_A_Rooftop
2025-11-07 06:00:00,27.02403614631726,41.61408637160923,Zone_A_Rooftop
2025-11-07 06:15:00,27.7925369581941,44.50900666487485,Zone_A_Rooftop
2025-11-07 06:30:00,28.155618651402108,42.43544992070793,Zone_A_Rooftop
2025-11-07 06:45:00,28.264736421609303,41.91491491649588,Zone_A_Rooftop
2025-11-07 07:00:00,30.143334802737407,44.19510259934562,Zone_A_Rooftop
2025-11-07 07:15:00,29.325090547808735,46.33752697882497,Zone_A_Rooftop
2025-11-07 07:30:00,31.467152697590475,45.11455776636173,Zone_A_Rooftop
2025-11-07 07:45:00,31.462952357578303,39.86869968676814,Zone_A_Rooftop
2025-11-07 08:00:00,31.641577929700386,40.77074372685932,Zone_A_Rooftop
2025-11-07 08:15:00,31.08321637109442,44.38147632738822,Zone_A_Rooftop
2025-11-07 08:30:00,32.00493443621726,40.29559878238414,Zone_A_Rooftop
2025-11-07 08:45:00,34.40785335953919,41.58367753205564,Zone_A_Rooftop
2025-11-07 09:00:00,34.408230030928955,42.91812368270964,Zone_A_Rooftop
2025-11-07 09:15:00,32.54838559263399,39.68003195661733,Zone_A_Rooftop
2025-11-07 09:30:00,34.495825180473716,41.640660980981366,Zone_A_Rooftop
2025-11-07 09:45:00,35.778837583478044,38.59033575480214,Zone_A_Rooftop
2025-11-07 10:00:00,32.42409530859345,39.9001503950676,Zone_A_Rooftop
2025-11-07 10:15:00,35.99002222083141,41.60363653138798,Zone_A_Rooftop
2025-11-07 10:30:00,34.39710062167153,37.65655463663587,Zone_A_Rooftop
2025-11-07 10:45:00,36.43133903885058,41.619763893192825,Zone_A_Rooftop
2025-11-07 11:00:00,34.58251787549877,40.61405818384583,Zone_A_Rooftop
2025-11-07 11:15:00,33.138959092229065,41.69144614701976,Zone_A_Rooftop
2025-11-07 11:30:00,33.490245234165734,40.98632639194717,Zone_A_Rooftop
2025-11-07 11:45:00,36.0549988059009,43.23791570537397,Zone_A_Rooftop
2025-11-07 12:00:00,36.389583752582226,40.75044900529581,Zone_A_Rooftop
2025-11-07 12:15:00,34.626396448252216,39.65082376317578,Zone_A_Rooftop
2025-11-07 12:30:00,36.88944757915654,40.78309312988242,Zone_A_Rooftop
2025-11-07 12:45:00,33.354002149822406,41.673062296258244,Zone_A_Rooftop
2025-11-07 13:00:00,35.62828691234157,40.7510539223506,Zone_A_Rooftop
2025-11-07 13:15:00,33.75891673631716,40.81999779967979,Zone_A_Rooftop
2025-11-07 13:30:00,34.41328209838706,39.438558728085695,Zone_A_Rooftop
2025-11-07 13:45:00,35.24607993923613,39.638270828001005,Zone_A_Rooftop
2025-11-07 14:00:00,33.63758318234958,38.29767513937064,Zone_A_Rooftop
2025-11-07 14:15:00,34.07492358207562,44.75754023101243,Zone_A_Rooftop
2025-11-07 14:30:00,35.85626593615154,38.942183497906875,Zone_A_Rooftop
2025-11-07 14:45:00,33.1493806555471,40.23091047075279,Zone_A_Rooftop
2025-11-07 15:00:00,34.910392417590096,40.38120495352214,Zone_A_Rooftop
2025-11-07 15:15:00,31.580206238814128,43.82279258593857,Zone_A_Rooftop
2025-11-07 15:30:00,33.66479769894269,41.6706742128767,Zone_A_Rooftop
2025-11-07 15:45:00,34.606914795143666,44.99541809675926,Zone_A_Rooftop
2025-11-07 16:00:00,28.292533249809065,41.40301875151226,Zone_A_Rooftop
2025-11-07 16:15:00,30.342966638546297,43.5676892184621,Zone_A_Rooftop
2025-11-07 16:30:00,31.92707564969153,41.60723044783758,Zone_A_Rooftop
2025-11-07 16:45:00,30.266947643360805,47.84382066168254,Zone_A_Rooftop
2025-11-07 17:00:00,30.627271170877133,41.46011745897963,Zone_A_Rooftop
2025-11-07 17:15:00,28.654744796055294,44.741734971381476,Zone_A_Rooftop
2025-11-07 17:30:00,29.174094218969767,45.680185896873965,Zone_A_Rooftop
2025-11-07 17:45:00,28.289709180753025,45.53328411336735,Zone_A_Rooftop
2025-11-07 18:00:00,29.75167309248971,44.62942468224458,Zone_A_Rooftop
2025-11-07 18:15:00,27.858406231110678,45.034672682068795,Zone_A_Rooftop
2025-11-07 18:30:00,27.46219445535239,45.67499080894845,Zone_A_Rooftop
2025-11-07 18:45:00,25.821461974687274,45.583902445815596,Zone_A_Rooftop
2025-11-07 19:00:00,25.198038303071094,48.09244393655116,Zone_A_Rooftop
2025-11-07 19:15:00,24.779646995845276,50.86752359704693,Zone_A_Rooftop
2025-11-07 19:30:00,25.530210754646728,45.60709187562723,Zone_A_Rooftop
2025-11-07 19:45:00,23.830213757017592,44.25069314682735,Zone_A_Rooftop
2025-11-07 20:00:00,24.434662285344622,47.073435903297494,Zone_A_Rooftop
2025-11-07 20:15:00,26.668539333811342,52.659484723896846,Zone_A_Rooftop
2025-11-07 20:30:00,24.436595623077775,46.13207729459978,Zone_A_Rooftop
2025-11-07 20:45:00,22.23619818094769,51.24528977883845,Zone_A_Rooftop
2025-11-07 21:00:00,24.14496663375354,51.537382143492344,Zone_A_Rooftop
2025-11-07 21:15:00,21.373168480635854,47.27610265023941,Zone_A_Rooftop
2025-11-07 21:30:00,18.59598647490334,49.70805618968111,Zone_A_Rooftop
2025-11-07 21:45:00,19.83611363520353,51.998406501618526,Zone_A_Rooftop
2025-11-07 22:00:00,18.26560888818571,48.138858835055,Zone_A_Rooftop
2025-11-07 22:15:00,20.297747841676532,48.628766616692374,Zone_A_Rooftop
2025-11-07 22:30:00,20.636591308694033,47.9940960684035,Zone_A_Rooftop
2025-11-07 22:45:00,22.93921493245208,47.23167212134224,Zone_A_Rooftop
2025-11-07 23:00:00,20.762984450333697,48.0481111281688,Zone_A_Rooftop
2025-11-07 23:15:00,19.82506696356086,46.96565322829002,Zone_A_Rooftop
2025-11-07 23:30:00,21.31254948078475,49.5296688127006,Zone_A_Rooftop
2025-11-07 23:45:00,16.70042565057934,47.95041869245643,Zone_A_Rooftop
2025-11-08 00:00:00,20.35342183716285,49.967571823581494,Zone_A_Rooftop
2025-11-08 00:15:00,21.17342640492162,46.37857386216646,Zone_A_Rooftop
2025-11-08 00:30:00,17.850561740339753,50.12326234061106,Zone_A_Rooftop
2025-11-08 00:45:00,21.869348821584552,51.08059168503238,Zone_A_Rooftop
2025-11-08 01:00:00,20.780338000929074,45.3591949331579,Zone_A_Rooftop
2025-11-08 01:15:00,19.801627093187957,50.00929872242312,Zone_A_Rooftop
2025-11-08 01:30:00,21.55813653906913,51.61279588124737,Zone_A_Rooftop
2025-11-08 01:45:00,24.23105735444509,46.61664529951469,Zone_A_Rooftop
2025-11-08 02:00:00,21.344596152312235,52.24225909070538,Zone_A_Rooftop
2025-11-08 02:15:00,21.720573981030146,49.57965127409354,Zone_A_Rooftop
2025-11-08 02:30:00,20.964131928359755,47.16006631979374,Zone_A_Rooftop
2025-11-08 02:45:00,20.710514985970992,48.271740978339984,Zone_A_Rooftop
2025-11-08 03:00:00,23.58864947532399,49.298634340382904,Zone_A_Rooftop
2025-11-08 03:15:00,21.44110774033615,48.119066950775135,Zone_A_Rooftop
2025-11-08 03:30:00,23.237257923759326,48.81693841543198,Zone_A_Rooftop
2025-11-08 03:45:00,22.838951965695507,45.658718862429474,Zone_A_Rooftop
2025-11-08 04:00:00,24.71846973861959,47.58872164807216,Zone_A_Rooftop
2025-11-08 04:15:00,24.962183636178413,44.16287011217555,Zone_A_Rooftop
2025-11-08 04:30:00,26.49484245746613,46.4996233229455,Zone_A_Rooftop
2025-11-08 04:45:00,24.663459679292586,44.63866231093465,Zone_A_Rooftop
2025-11-08 05:00:00,25.524635236239778,44.69362581778181,Zone_A_Rooftop
2025-11-08 05:15:00,24.971131850197512,48.35009279949345,Zone_A_Rooftop
2025-11-08 05:30:00,26.28935057212542,47.76998810617877,Zone_A_Rooftop
2025-11-08 05:45:00,28.042725705726134,46.51259032335,Zone_A_Rooftop
2025-11-08 06:00:00,29.135482924968027,42.815374470654845,Zone_A_Rooftop
2025-11-08 06:15:00,27.139977047574703,44.07286901907475,Zone_A_Rooftop
2025-11-08 06:30:00,30.348618417918903,46.83882753496813,Zone_A_Rooftop
2025-11-08 06:45:00,31.594179364336455,44.40552737820723,Zone_A_Rooftop
2025-11-08 07:00:00,30.690704715655716,48.47397337700205,Zone_A_Rooftop
2025-11-08 07:15:00,33.38670944126239,44.34015808492451,Zone_A_Rooftop
2025-11-08 07:30:00,29.900783660265358,43.662022787337165,Zone_A_Rooftop
2025-11-08 07:45:00,29.671327466784884,42.39146796560949,Zone_A_Rooftop
2025-11-08 08:00:00,29.331919626643582,43.017081809564566,Zone_A_Rooftop
2025-11-08 08:15:00,34.68862833139059,42.194994278650704,Zone_A_Rooftop
2025-11-08 08:30:00,33.85163991660085,43.67679092283794,Zone_A_Rooftop
2025-11-08 08:45:00,33.191389514434874,43.946348465638856,Zone_A_Rooftop
2025-11-08 09:00:00,34.07680718897211,40.24604056364464,Zone_A_Rooftop
2025-11-08 09:15:00,32.32648488888425,38.95425495922905,Zone_A_Rooftop
2025-11-08 09:30:00,38.01545469175512,37.75749922248285,Zone_A_Rooftop
2025-11-08 09:45:00,34.8455886713832,42.274369398463634,Zone_A_Rooftop
2025-11-08 10:00:00,35.09229542218284,38.896152470622276,Zone_A_Rooftop
2025-11-08 10:15:00,36.26363186810955,36.658291477197935,Zone_A_Rooftop
2025-11-08 10:30:00,36.11255010769536,41.619699312761135,Zone_A_Rooftop
2025-11-08 10:45:00,35.91126707237954,45.7248134521376,Zone_A_Rooftop
2025-11-08 11:00:00,34.54169492714458,40.6411919586194,Zone_A_Rooftop
2025-11-08 11:15:00,36.553484778929835,42.26344778708875,Zone_A_Rooftop
2025-11-08 11:30:00,38.75459563570303,40.702156840912984,Zone_A_Rooftop
2025-11-08 11:45:00,38.0010014551413,40.311855539044,Zone_A_Rooftop
2025-11-08 12:00:00,38.3897799399591,42.33815296597554,Zone_A_Rooftop
2025-11-08 12:15:00,35.21604787126205,39.92908575704898,Zone_A_Rooftop
2025-11-08 12:30:00,34.44715166060261,41.073282751961656,Zone_A_Rooftop
2025-11-08 12:45:00,35.65760186307637,41.22986185057749,Zone_A_Rooftop
2025-11-08 13:00:00,35.81099397874559,39.31715287441309,Zone_A_Rooftop
2025-11-08 13:15:00,37.21672831366727,42.72289911634507,Zone_A_Rooftop
2025-11-08 13:30:00,32.852339315518066,40.49262259030839,Zone_A_Rooftop
2025-11-08 13:45:00,37.469307411452434,39.45258234411722,Zone_A_Rooftop
2025-11-08 14:00:00,34.69119138240702,42.17590537011083,Zone_A_Rooftop
2025-11-08 14:15:00,34.01143529349923,39.46145078105648,Zone_A_Rooftop
2025-11-08 14:30:00,32.828670159439625,41.4862722834277,Zone_A_Rooftop
2025-11-08 14:45:00,31.532433452033164,41.59848287305619,Zone_A_Rooftop
2025-11-08 15:00:00,34.89161012543526,43.989810616323695,Zone_A_Rooftop
2025-11-08 15:15:00,33.38474347158316,42.98234029780959,Zone_A_Rooftop
2025-11-08 15:30:00,30.93515008245819,42.210519651970465,Zone_A_Rooftop
2025-11-08 15:45:00,30.501943706061393,44.135466549812364,Zone_A_Rooftop
2025-11-08 16:00:00,31.49632295106481,45.530415098034624,Zone_A_Rooftop
2025-11-08 16:15:00,34.041841809686105,44.125321506718215,Zone_A_Rooftop
2025-11-08 16:30:00,30.67208043187531,43.298629794043855,Zone_A_Rooftop
2025-11-08 16:45:00,28.31680129274813,40.92984994143545,Zone_A_Rooftop
2025-11-08 17:00:00,29.70193776469125,41.70508697088791,Zone_A_Rooftop
2025-11-08 17:15:00,29.151637221507517,43.51164414221809,Zone_A_Rooftop
2025-11-08 17:30:00,24.99887957334806,43.1936077306912,Zone_A_Rooftop
2025-11-08 17:45:00,28.441782734064425,44.331743312493465,Zone_A_Rooftop
2025-11-08 18:00:00,27.653598204686983,45.11329984979422,Zone_A_Rooftop
2025-11-08 18:15:00,28.521084513378984,46.35369959024911,Zone_A_Rooftop
2025-11-08 18:30:00,29.729224604657606,45.446370308872055,Zone_A_Rooftop
2025-11-08 18:45:00,28.129124968192613,46.85090973672498,Zone_A_Rooftop
2025-11-08 19:00:00,25.526114603347587,46.293634532581585,Zone_A_Rooftop
2025-11-08 19:15:00,23.7686954144622,42.495544461156484,Zone_A_Rooftop
2025-11-08 19:30:00,28.798572245954073,44.84340465800539,Zone_A_Rooftop
2025-11-08 19:45:00,24.55051812926972,46.702123994542276,Zone_A_Rooftop
2025-11-08 20:00:00,24.020893937869424,44.83061051431778,Zone_A_Rooftop
2025-11-08 20:15:00,23.519250505178178,48.69992350858062,Zone_A_Rooftop
2025-11-08 20:30:00,23.42703570908202,50.80092809522664,Zone_A_Rooftop
2025-11-08 20:45:00,22.508692861313534,50.40457987134494,Zone_A_Rooftop
2025-11-08 21:00:00,21.48265274018727,47.755094773479044,Zone_A_Rooftop
2025-11-08 21:15:00,21.164993128307593,51.3647314073553,Zone_A_Rooftop
2025-11-08 21:30:00,21.604043372346123,48.86742494571478,Zone_A_Rooftop
2025-11-08 21:45:00,20.53310594487899,48.06744131312537,Zone_A_Rooftop
2025-11-08 22:00:00,20.002528095708747,47.6703089899481,Zone_A_Rooftop
2025-11-08 22:15:00,20.98466340927634,48.43098796392084,Zone_A_Rooftop
2025-11-08 22:30:00,20.22649791377842,48.38110425921833,Zone_A_Rooftop
2025-11-08 22:45:00,22.68054844691319,49.60201802747895,Zone_A_Rooftop
2025-11-08 23:00:00,16.296138677097936,49.66781418040054,Zone_A_Rooftop
2025-11-08 23:15:00,21.79097803465785,49.41962580212137,Zone_A_Rooftop
2025-11-08 23:30:00,21.93756889775596,50.335378215674844,Zone_A_Rooftop
2025-11-08 23:45:00,16.907043265478947,51.8716577041464,Zone_A_Rooftop
2025-11-02 00:00:00,20.424331203161984,62.47097031737878,Zone_B_Street
2025-11-02 00:15:00,16.78335843113213,58.9858520409023,Zone_B_Street
2025-11-02 00:30:00,15.211893990778016,64.24517064453988,Zone_B_Street
2025-11-02 00:45:00,20.497553464842756,60.463839051502745,Zone_B_Street
2025-11-02 01:00:00,17.120052820931527,63.01764273939986,Zone_B_Street
2025-11-02 01:15:00,18.92820124968545,63.3955442644017,Zone_B_Street
2025-11-02 01:30:00,17.625432798354527,65.49295578921117,Zone_B_Street
2025-11-02 01:45:00,16.81266563596653,60.072977426359834,Zone_B_Street
2025-11-02 02:00:00,20.48206707338499,56.55905189971166,Zone_B_Street
2025-11-02 02:15:00,20.981384678941247,62.86210792641503,Zone_B_Street
2025-11-02 02:30:00,19.168467697453746,65.98108238389541,Zone_B_Street
2025-11-02 02:45:00,16.35423752438775,64.7334121283158,Zone_B_Street
2025-11-02 03:00:00,19.64509942168854,62.5406391741089,Zone_B_Street
2025-11-02 03:15:00,21.290976932603474,60.99476507403612,Zone_B_Street
2025-11-02 03:30:00,18.737825501795207,63.44052948030078,Zone_B_Street
2025-11-02 03:45:00,21.497188714570722,59.719618299649866,Zone_B_Street
2025-11-02 04:00:00,21.477035226240506,62.45271553871244,Zone_B_Street
2025-11-02 04:15:00,22.657493798306625,62.33780638899026,Zone_B_Street
2025-11-02 04:30:00,22.26595339079578,63.26847011209303,Zone_B_Street
2025-11-02 04:45:00,20.933199262161857,66.48363847373165,Zone_B_Street
2025-11-02 05:00:00,24.500762026984134,61.561289069665094,Zone_B_Street
2025-11-02 05:15:00,22.786754030378905,59.56734371463339,Zone_B_Street
2025-11-02 05:30:00,23.306412229634844,60.34042995227616,Zone_B_Street
2025-11-02 05:45:00,22.27308241523949,56.658057577912196,Zone_B_Street
2025-11-02 06:00:00,23.335076623212736,58.61057373782188,Zone_B_Street
2025-11-02 06:15:00,22.999811575110364,58.985225736083365,Zone_B_Street
2025-11-02 06:30:00,24.393211871215122,58.56024462747067,Zone_B_Street
2025-11-02 06:45:00,27.543014330294156,59.71943877801906,Zone_B_Street
2025-11-02 07:00:00,23.236243511115568,57.57870299992804,Zone_B_Street
2025-11-02 07:15:00,23.186855229700697,61.27774293873946,Zone_B_Street
2025-11-02 07:30:00,28.120172653065865,58.852363832741126,Zone_B_Street
2025-11-02 07:45:00,25.897457935367207,58.65453328706577,Zone_B_Street
2025-11-02 08:00:00,25.496390892010126,57.84421056697416,Zone_B_Street
2025-11-02 08:15:00,28.337708196192125,58.643670668659155,Zone_B_Street
2025-11-02 08:30:00,26.135383835438304,59.823912242309106,Zone_B_Street
2025-11-02 08:45:00,30.035743645820748,56.28770212327799,Zone_B_Street
2025-11-02 09:00:00,28.55242271294164,56.56244667828984,Zone_B_Street
2025-11-02 09:15:00,27.02733192517633,57.137028520009736,Zone_B_Street
2025-11-02 09:30:00,31.202729021354433,54.928198132179865,Zone_B_Street
2025-11-02 09:45:00,27.248775677007718,55.86707544364937,Zone_B_Street
2025-11-02 10:00:00,29.44327007693615,56.44948204155737,Zone_B_Street
2025-11-02 10:15:00,28.933302578273178,59.0581601368274,Zone_B_Street
2025-11-02 10:30:00,30.57200959665463,57.753484060469994,Zone_B_Street
2025-11-02 10:45:00,31.076917442565804,57.546389434249775,Zone_B_Street
2025-11-02 11:00:00,28.877635355043992,58.80401844546874,Zone_B_Street
2025-11-02 11:15:00,27.77379959649688,56.78290058199152,Zone_B_Street
2025-11-02 11:30:00,29.647182521277728,57.80659511573635,Zone_B_Street
2025-11-02 11:45:00,27.97272156156486,56.7999797244192,Zone_B_Street
2025-11-02 12:00:00,32.020080871289935,57.530724698799254,Zone_B_Street
2025-11-02 12:15:00,29.194097612817124,55.84090591506103,Zone_B_Street
2025-11-02 12:30:00,28.409241979900887,52.14803109932571,Zone_B_Street
2025-11-02 12:45:00,29.180946860813517,56.789085834417705,Zone_B_Street
2025-11-02 13:00:00,26.808939697150795,59.947718793332676,Zone_B_Street
2025-11-02 13:15:00,27.277229589709552,59.01164041599787,Zone_B_Street
2025-11-02 13:30:00,30.420018524473072,59.159156371648486,Zone_B_Street
2025-11-02 13:45:00,27.499022289206348,59.78164321901438,Zone_B_Street
2025-11-02 14:00:00,26.759760544899287,57.579238970569556,Zone_B_Street
2025-11-02 14:15:00,28.962327190303654,57.900222577903556,Zone_B_Street
2025-11-02 14:30:00,29.745322933450673,56.384636188257595,Zone_B_Street
2025-11-02 14:45:00,28.837629003392486,57.11233486550897,Zone_B_Street
2025-11-02 15:00:00,29.02960543464146,59.11022195598264,Zone_B_Street
2025-11-02 15:15:00,26.161536442646153,60.429731429037425,Zone_B_Street
2025-11-02 15:30:00,24.91109114493084,57.89482316161184,Zone_B_Street
2025-11-02 15:45:00,29.029851643031243,57.43291077123837,Zone_B_Street
2025-11-02 16:00:00,26.015980241736795,58.501055917713195,Zone_B_Street
2025-11-02 16:15:00,25.835193926412437,59.87554742720123,Zone_B_Street
2025-11-02 16:30:00,27.905708374599037,55.96424007063765,Zone_B_Street
2025-11-02 16:45:00,26.4415423406168,54.44331969781604,Zone_B_Street
2025-11-02 17:00:00,25.977926883635018,58.12246916570927,Zone_B_Street
2025-11-02 17:15:00,28.222955127432265,56.9733041821233,Zone_B_Street
2025-11-02 17:30:00,23.687353615530046,58.59214102804522,Zone_B_Street
2025-11-02 17:45:00,25.71877583827257,59.50822997467463,Zone_B_Street
2025-11-02 18:00:00,24.085519687345627,59.09350318195397,Zone_B_Street
2025-11-02 18:15:00,24.075872772144173,63.10114445663192,Zone_B_Street
2025-11-02 18:30:00,25.640071678518538,61.0450681058648,Zone_B_Street
2025-11-02 18:45:00,23.786302024353795,61.18621968527004,Zone_B_Street
2025-11-02 19:00:00,23.513348893061846,62.02087142339436,Zone_B_Street
2025-11-02 19:15:00,24.001563679448893,58.68665216034795,Zone_B_Street
2025-11-02 19:30:00,21.539153743860222,63.2262738719358,Zone_B_Street
2025-11-02 19:45:00,20.529742047896484,61.175337497586085,Zone_B_Street
2025-11-02 20:00:00,19.93278620896845,62.84096123448243,Zone_B_Street
2025-11-02 20:15:00,18.272613950837986,59.52299623297849,Zone_B_Street
2025-11-02 20:30:00,24.040503549866884,58.718766754994036,Zone_B_Street
2025-11-02 20:45:00,19.048458375917132,63.613816761350265,Zone_B_Street
2025-11-02 21:00:00,20.13258565868861,62.874139395754675,Zone_B_Street
2025-11-02 21:15:00,19.825581012771732,60.451416313721914,Zone_B_Street
2025-11-02 21:30:00,20.494343345257477,60.64073385832432,Zone_B_Street
2025-11-02 21:45:00,21.066257757296217,64.74527840573718,Zone_B_Street
2025-11-02 22:00:00,20.960583213617426,60.21925242561866,Zone_B_Street
2025-11-02 22:15:00,18.641020134483153,65.97596413110999,Zone_B_Street
2025-11-02 22:30:00,19.129919766763948,60.97039712823812,Zone_B_Street
2025-11-02 22:45:00,19.689219278256925,64.11757423970208,Zone_B_Street
2025-11-02 23:00:00,18.79733417927934,62.240540527369234,Zone_B_Street
2025-11-02 23:15:00,21.50709196201384,64.14873070337437,Zone_B_Street
2025-11-02 23:30:00,19.779238120588325,61.886106579893045,Zone_B_Street
2025-11-02 23:45:00,20.113022062881708,62.66799095757122,Zone_B_Street
2025-11-03 00:00:00,19.99432190300112,63.08183835079144,Zone_B_Street
2025-11-03 00:15:00,20.77091617003497,60.98920185815286,Zone_B_Street
2025-11-03 00:30:00,19.31430803118651,64.45598327496168,Zone_B_Street
2025-11-03 00:45:00,17.150825676050076,61.91592870826652,Zone_B_Street
2025-11-03 01:00:00,19.769902796183622,62.440577648187165,Zone_B_Street
2025-11-03 01:15:00,18.288314011836732,60.852091639268295,Zone_B_Street
2025-11-03 01:30:00,18.58767731481893,57.64697127994324,Zone_B_Street
2025-11-03 01:45:00,20.3951823204692,62.308562699397726,Zone_B_Street
2025-11-03 02:00:00,21.52729758822826,67.42330705457914,Zone_B_Street
2025-11-03 02:15:00,19.87455930359137,64.06361741270369,Zone_B_Street
2025-11-03 02:30:00,20.49648281744227,62.34153926140492,Zone_B_Street
2025-11-03 02:45:00,22.79412337955797,61.7297377640204,Zone_B_Street
2025-11-03 03:00:00,20.825595863300116,62.16625212918374,Zone_B_Street
2025-11-03 03:15:00,24.605795595770246,63.07227567565063,Zone_B_Street
2025-11-03 03:30:00,21.804457323403714,59.464658656408474,Zone_B_Street
2025-11-03 03:45:00,18.581004696168264,63.895354088396545,Zone_B_Street
2025-11-03 04:00:00,22.630012431656798,62.93076263088249,Zone_B_Street
2025-11-03 04:15:00,22.36029412622916,62.76323752207287,Zone_B_Street
2025-11-03 04:30:00,24.02121196929867,62.025001774714724,Zone_B_Street
2025-11-03 04:45:00,23.402574700389128,61.00355171129747,Zone_B_Street
2025-11-03 05:00:00,22.498220798511735,62.1221796072412,Zone_B_Street
2025-11-03 05:15:00,21.18810103548531,61.76889923353114,Zone_B_Street
2025-11-03 05:30:00,23.033834152970705,59.6834971547781,Zone_B_Street
2025-11-03 05:45:00,22.397203672535333,59.04900584189663,Zone_B_Street
2025-11-03 06:00:00,23.129214825292916,60.20371259052397,Zone_B_Street
2025-11-03 06:15:00,25.20988325278163,62.901830915299946,Zone_B_Street
2025-11-03 06:30:00,27.15748771762737,57.130207272032045,Zone_B_Street
2025-11-03 06:45:00,25.567458904815112,56.47967850244674,Zone_B_Street
2025-11-03 07:00:00,23.500270632459827,59.55306454716548,Zone_B_Street
2025-11-03 07:15:00,26.27410132884602,59.137457007802546,Zone_B_Street
2025-11-03 07:30:00,27.70836439179393,59.19863303164555,Zone_B_Street
2025-11-03 07:45:00,25.296769094615936,59.161040325159995,Zone_B_Street
2025-11-03 08:00:00,26.298974249990625,58.05359549073039,Zone_B_Street
2025-11-03 08:15:00,26.799883457191804,61.31301617814536,Zone_B_Street
2025-11-03 08:30:00,25.86645967542024,54.971907756020805,Zone_B_Street
2025-11-03 08:45:00,28.269149726266132,56.364968505139295,Zone_B_Street
2025-11-03 09:00:00,27.354111683021067,57.67217013614226,Zone_B_Street
2025-11-03 09:15:00,28.388497703255428,54.45810295525473,Zone_B_Street
2025-11-03 09:30:00,26.635528434753027,57.26823117026215,Zone_B_Street
2025-11-03 09:45:00,27.501160611027608,60.8285314945484,Zone_B_Street
2025-11-03 10:00:00,29.413699055663848,57.443696765238606,Zone_B_Street
2025-11-03 10:15:00,27.92511397952579,57.77078358683931,Zone_B_Street
2025-11-03 10:30:00,31.20984343940654,54.70803187212098,Zone_B_Street
2025-11-03 10:45:00,28.135196369053624,55.92648679543573,Zone_B_Street
2025-11-03 11:00:00,29.16665622007317,56.35182976048492,Zone_B_Street
2025-11-03 11:15:00,30.30281264982579,56.42221396527784,Zone_B_Street
2025-11-03 11:30:00,26.829675707469505,59.58895300588611,Zone_B_Street
2025-11-03 11:45:00,26.348081398221854,58.12180535173444,Zone_B_Street
2025-11-03 12:00:00,26.711515528144858,54.77708408612594,Zone_B_Street
2025-11-03 12:15:00,30.88317077133379,57.4994327871482,Zone_B_Street
2025-11-03 12:30:00,28.129437088030382,58.02210891287214,Zone_B_Street
2025-11-03 12:45:00,32.74122533051853,59.33794223583284,Zone_B_Street
2025-11-03 13:00:00,27.983257733459258,60.26330389426954,Zone_B_Street
2025-11-03 13:15:00,29.011477602271086,55.12902122785894,Zone_B_Street
2025-11-03 13:30:00,30.93256259140825,55.60664638004547,Zone_B_Street
2025-11-03 13:45:00,31.493503039902127,54.79422605757271,Zone_B_Street
2025-11-03 14:00:00,31.42238238387679,56.93388407043272,Zone_B_Street
2025-11-03 14:15:00,29.96989740740244,58.43830791198503,Zone_B_Street
2025-11-03 14:30:00,29.50286049017337,59.594609012304495,Zone_B_Street
2025-11-03 14:45:00,28.647989461196662,57.59257853027802,Zone_B_Street
2025-11-03 15:00:00,28.703075520182693,57.23898460993067,Zone_B_Street
2025-11-03 15:15:00,26.469950501007546,58.32547853919727,Zone_B_Street
2025-11-03 15:30:00,25.816508819910144,56.503429909713795,Zone_B_Street
2025-11-03 15:45:00,26.772789478981586,62.512366744330734,Zone_B_Street
2025-11-03 16:00:00,26.244723066212607,55.28467794576388,Zone_B_Street
2025-11-03 16:15:00,25.531601377104096,59.04261508713444,Zone_B_Street
2025-11-03 16:30:00,26.957998333010522,62.89916214136401,Zone_B_Street
2025-11-03 16:45:00,27.040155139371574,59.049281293210505,Zone_B_Street
2025-11-03 17:00:00,25.426705554950377,58.843464794689446,Zone_B_Street
2025-11-03 17:15:00,27.19174673166353,58.69983818833076,Zone_B_Street
2025-11-03 17:30:00,22.940097289900002,59.247638059815024,Zone_B_Street
2025-11-03 17:45:00,24.03652645723114,62.54948756166263,Zone_B_Street
2025-11-03 18:00:00,22.924766519095794,55.576276177340986,Zone_B_Street
2025-11-03 18:15:00,20.8731794282397,63.26307679028308,Zone_B_Street
2025-11-03 18:30:00,23.223348010135695,57.543664271759866,Zone_B_Street
2025-11-03 18:45:00,22.841927127344434,60.051966307579555,Zone_B_Street
2025-11-03 19:00:00,24.976079389350595,59.917968294710235,Zone_B_Street
2025-11-03 19:15:00,23.33902020031636,62.14142493545093,Zone_B_Street
2025-11-03 19:30:00,20.55030260168074,57.95180159332777,Zone_B_Street
2025-11-03 19:45:00,24.569695398406274,62.25121140282089,Zone_B_Street
2025-11-03 20:00:00,23.331550543288028,65.54861924657371,Zone_B_Street
2025-11-03 20:15:00,22.095295390104912,58.94036268987318,Zone_B_Street
2025-11-03 20:30:00,20.61646670668165,62.205696622246954,Zone_B_Street
2025-11-03 20:45:00,19.264112069414434,60.65407308970699,Zone_B_Street
2025-11-03 21:00:00,19.906155929960686,62.97309475594571,Zone_B_Street
2025-11-03 21:15:00,21.873923892161393,62.29381497726844,Zone_B_Street
2025-11-03 21:30:00,22.86011275744574,61.097086202785086,Zone_B_Street
2025-11-03 21:45:00,22.157517230895557,63.470153406649786,Zone_B_Street
2025-11-03 22:00:00,18.936598848398397,66.2067724309268,Zone_B_Street
2025-11-03 22:15:00,17.836210142403043,62.30881064114347,Zone_B_Street
2025-11-03 22:30:00,19.59193170781037,64.21115448183022,Zone_B_Street
2025-11-03 22:45:00,16.612690304180198,60.25424447274299,Zone_B_Street
2025-11-03 23:00:00,19.655122439831832,60.98490472523119,Zone_B_Street
2025-11-03 23:15:00,18.874669718535845,63.887168396970445,Zone_B_Street
2025-11-03 23:30:00,18.343720940328584,65.94256664119337,Zone_B_Street
2025-11-03 23:45:00,16.61865078290679,63.70480346728713,Zone_B_Street
2025-11-04 00:00:00,19.770400159854574,62.37388393895369,Zone_B_Street
2025-11-04 00:15:00,18.211654124314116,62.992159580562515,Zone_B_Street
2025-11-04 00:30:00,17.28790043956552,60.473519116182,Zone_B_Street
2025-11-04 00:45:00,14.787680278061373,64.15138649392043,Zone_B_Street
2025-11-04 01:00:00,19.129098510978704,64.66244360351402,Zone_B_Street
2025-11-04 01:15:00,21.92372674752909,61.936609722819156,Zone_B_Street
2025-11-04 01:30:00,21.872491159265373,61.83155430201486,Zone_B_Street
2025-11-04 01:45:00,18.829991907457153,63.22237468390216,Zone_B_Street
2025-11-04 02:00:00,18.76655489053514,61.72463673927213,Zone_B_Street
2025-11-04 02:15:00,20.545813322599813,62.362143607655995,Zone_B_Street
2025-11-04 02:30:00,18.535655139761385,66.57950359920673,Zone_B_Street
2025-11-04 02:45:00,20.693488812334312,61.76146802094494,Zone_B_Street
2025-11-04 03:00:00,21.613586511644296,61.404640039517204,Zone_B_Street
2025-11-04 03:15:00,22.543670760326115,60.68295383402989,Zone_B_Street
2025-11-04 03:30:00,20.80596174023647,63.31466823002604,Zone_B_Street
2025-11-04 03:45:00,20.91663820963654,61.3042623526226,Zone_B_Street
2025-11-04 04:00:00,20.183026119865158,60.20125392335715,Zone_B_Street
2025-11-04 04:15:00,20.548236017845202,63.96947413520303,Zone_B_Street
2025-11-04 04:30:00,21.74686450032226,63.98725630612254,Zone_B_Street
2025-11-04 04:45:00,22.943850933708458,59.76347126443208,Zone_B_Street
2025-11-04 05:00:00,24.076281713837272,57.04337723258633,Zone_B_Street
2025-11-04 05:15:00,21.819779963898842,62.60029834572223,Zone_B_Street
2025-11-04 05:30:00,25.586401892339026,59.02231892514014,Zone_B_Street
2025-11-04 05:45:00,23.26629895228543,61.77746058601597,Zone_B_Street
2025-11-04 06:00:00,23.967949058477345,56.05979236457633,Zone_B_Street
2025-11-04 06:15:00,23.20619812742898,61.58898528890819,Zone_B_Street
2025-11-04 06:30:00,21.016270570690846,57.18607756477829,Zone_B_Street
2025-11-04 06:45:00,26.301519704622216,60.876257272084665,Zone_B_Street
2025-11-04 07:00:00,26.399361071151255,59.25208900036531,Zone_B_Street
2025-11-04 07:15:00,25.18520599083849,57.127802765297226,Zone_B_Street
2025-11-04 07:30:00,26.013903237662756,58.03787707705117,Zone_B_Street
2025-11-04 07:45:00,26.985352277651156,60.0457708432564,Zone_B_Street
2025-11-04 08:00:00,24.156181214670184,58.71178890623047,Zone_B_Street
2025-11-04 08:15:00,25.984272149078567,59.50211526188617,Zone_B_Street
2025-11-04 08:30:00,28.235204164476343,62.12659688200481,Zone_B_Street
2025-11-04 08:45:00,25.41529494074647,54.89347933127769,Zone_B_Street
2025-11-04 09:00:00,27.97587080418268,61.1131048063776,Zone_B_Street
2025-11-04 09:15:00,25.72432633045978,57.95319245260949,Zone_B_Street
2025-11-04 09:30:00,28.666411675106467,55.822371882480034,Zone_B_Street
2025-11-04 09:45:00,28.1038858380665,54.844963911614386,Zone_B_Street
2025-11-04 10:00:00,25.907429295063928,57.023683007092615,Zone_B_Street
2025-11-04 10:15:00,30.231472739349197,59.15268199925086,Zone_B_Street
2025-11-04 10:30:00,27.51751029735936,56.973263161711074,Zone_B_Street
2025-11-04 10:45:00,27.519271991953953,60.18151947200938,Zone_B_Street
2025-11-04 11:00:00,29.130482927291755,54.199871141029675,Zone_B_Street
2025-11-04 11:15:00,30.626882426159227,57.0334662630982,Zone_B_Street
2025-11-04 11:30:00,27.433491578401455,54.52087852705233,Zone_B_Street
2025-11-04 11:45:00,29.081814390964976,57.73368699553413,Zone_B_Street
2025-11-04 12:00:00,29.64322475049586,58.7737747801946,Zone_B_Street
2025-11-04 12:15:00,30.028953027087734,56.16489964292209,Zone_B_Street
2025-11-04 12:30:00,29.221886639784888,51.817237702624304,Zone_B_Street
2025-11-04 12:45:00,28.35338464339117,57.455540452383296,Zone_B_Street
2025-11-04 13:00:00,27.58824380047226,57.97569962459981,Zone_B_Street
2025-11-04 13:15:00,28.863866472045093,57.96779912143808,Zone_B_Street
2025-11-04 13:30:00,27.011189144578022,59.69992578611045,Zone_B_Street
2025-11-04 13:45:00,24.10233798242153,55.167274416103844,Zone_B_Street
2025-11-04 14:00:00,28.984966725158696,58.76235599954758,Zone_B_Street
2025-11-04 14:15:00,29.513250323142017,59.89060618804831,Zone_B_Street
2025-11-04 14:30:00,24.42236804814342,54.06276481111326,Zone_B_Street
2025-11-04 14:45:00,26.24460298032998,58.38378422940102,Zone_B_Street
2025-11-04 15:00:00,28.464265297440534,56.87031999442501,Zone_B_Street
2025-11-04 15:15:00,30.382972280067893,57.8589172084965,Zone_B_Street
2025-11-04 15:30:00,27.074997706556715,58.86906868005051,Zone_B_Street
2025-11-04 15:45:00,25.68584675325431,57.35883217271409,Zone_B_Street
2025-11-04 16:00:00,26.22565533834274,57.148583841676775,Zone_B_Street
2025-11-04 16:15:00,28.273758079817284,58.74143876431904,Zone_B_Street
2025-11-04 16:30:00,24.944470893138647,56.677457825179125,Zone_B_Street
2025-11-04 16:45:00,24.40840931654043,56.86403134632014,Zone_B_Street
2025-11-04 17:00:00,24.56997994223956,60.58228943060544,Zone_B_Street
2025-11-04 17:15:00,23.54545869769257,57.117140963634306,Zone_B_Street
2025-11-04 17:30:00,24.836636435092455,60.94104642515826,Zone_B_Street
2025-11-04 17:45:00,26.764033333855057,60.72897319801747,Zone_B_Street
2025-11-04 18:00:00,24.484618909674044,56.548386542418804,Zone_B_Street
2025-11-04 18:15:00,23.294454100659856,58.84108008301912,Zone_B_Street
2025-11-04 18:30:00,22.909652135526425,62.77979738275491,Zone_B_Street
2025-11-04 18:45:00,20.679762176874373,58.62293990376902,Zone_B_Street
2025-11-04 19:00:00,24.030569440208136,59.847648610688786,Zone_B_Street
2025-11-04 19:15:00,22.276046877964987,61.88844018241328,Zone_B_Street
2025-11-04 19:30:00,21.81586296778861,62.71483131566046,Zone_B_Street
2025-11-04 19:45:00,26.578217900672286,60.82378829856801,Zone_B_Street
2025-11-04 20:00:00,21.948129362548528,60.30497961061672,Zone_B_Street
2025-11-04 20:15:00,20.094462259759215,64.51145042245582,Zone_B_Street
2025-11-04 20:30:00,20.316656460648083,65.30408361462132,Zone_B_Street
2025-11-04 20:45:00,22.425939488294787,63.9357535468638,Zone_B_Street
2025-11-04 21:00:00,20.634371709873914,62.29195662868969,Zone_B_Street
2025-11-04 21:15:00,18.083383995129065,60.63898797915508,Zone_B_Street
2025-11-04 21:30:00,21.412076700406633,60.719171207760574,Zone_B_Street
2025-11-04 21:45:00,18.840435810178782,63.53943704743915,Zone_B_Street
2025-11-04 22:00:00,22.479819645404127,63.43487265313068,Zone_B_Street
2025-11-04 22:15:00,21.135708390908533,65.49381541049092,Zone_B_Street
2025-11-04 22:30:00,18.70961949395544,64.07253878260613,Zone_B_Street
2025-11-04 22:45:00,21.186873895127142,59.83462978496568,Zone_B_Street
2025-11-04 23:00:00,19.272154134345765,65.00167271431305,Zone_B_Street
2025-11-04 23:15:00,20.37523411066718,60.946234586580864,Zone_B_Street
2025-11-04 23:30:00,19.76987491907266,62.20639204021673,Zone_B_Street
2025-11-04 23:45:00,17.741170401320673,63.4939771822192,Zone_B_Street
2025-11-05 00:00:00,18.034675251523808,66.99133497956792,Zone_B_Street
2025-11-05 00:15:00,20.555646610178723,69.21341388172652,Zone_B_Street
2025-11-05 00:30:00,18.540612694971138,64.1877807023938,Zone_B_Street
2025-11-05 00:45:00,18.49060090312085,62.575962603768915,Zone_B_Street
2025-11-05 01:00:00,17.73768699953063,63.966788775828306,Zone_B_Street
2025-11-05 01:15:00,19.900747950914667,64.616101240233,Zone_B_Street
2025-11-05 01:30:00,22.474389716308284,62.130303346419474,Zone_B_Street
2025-11-05 01:45:00,17.91433692095515,66.28104093642271,Zone_B_Street
2025-11-05 02:00:00,19.706202166086946,63.05821772973612,Zone_B_Street
2025-11-05 02:15:00,21.960982771610418,63.489895015090426,Zone_B_Street
2025-11-05 02:30:00,19.91377121167525,63.71190852498263,Zone_B_Street
2025-11-05 02:45:00,20.919358656979714,63.09869264366584,Zone_B_Street
2025-11-05 03:00:00,18.870875801846942,63.79920134449887,Zone_B_Street
2025-11-05 03:15:00,21.345731570311127,60.743531072206366,Zone_B_Street
2025-11-05 03:30:00,20.675476457449577,60.7096807791341,Zone_B_Street
2025-11-05 03:45:00,22.700743828421786,59.46640223311542,Zone_B_Street
2025-11-05 04:00:00,23.281079077347126,62.379002461240454,Zone_B_Street
2025-11-05 04:15:00,25.672902011932912,62.88473907768123,Zone_B_Street
2025-11-05 04:30:00,22.956032597994913,62.06359602939904,Zone_B_Street
2025-11-05 04:45:00,22.88149714835744,64.31330326260456,Zone_B_Street
2025-11-05 05:00:00,22.997481226853402,60.76526509764947,Zone_B_Street
2025-11-05 05:15:00,22.494798950703327,61.92275427723341,Zone_B_Street
2025-11-05 05:30:00,23.85509480409228,58.208176824381525,Zone_B_Street
2025-11-05 05:45:00,23.22988223864074,59.42200998274163,Zone_B_Street
2025-11-05 06:00:00,24.25269146440442,61.391075515131554,Zone_B_Street
2025-11-05 06:15:00,26.303411949562655,61.501994833795855,Zone_B_Street
2025-11-05 06:30:00,23.142817113180797,59.020487528011486,Zone_B_Street
2025-11-05 06:45:00,26.685269451774207,59.27153053023548,Zone_B_Street
2025-11-05 07:00:00,27.2697678265224,56.18779537133082,Zone_B_Street
2025-11-05 07:15:00,25.43009453602919,58.3216232024773,Zone_B_Street
2025-11-05 07:30:00,22.73063481331256,60.632716029944305,Zone_B_Street
2025-11-05 07:45:00,25.29971047045336,59.823543961556126,Zone_B_Street
2025-11-05 08:00:00,28.445491819841664,59.50133144276242,Zone_B_Street
2025-11-05 08:15:00,26.743549071649685,58.432836675303115,Zone_B_Street
2025-11-05 08:30:00,25.544853796601235,58.18784203023019,Zone_B_Street
2025-11-05 08:45:00,26.539566693658017,56.7013202757529,Zone_B_Street
2025-11-05 09:00:00,28.796463945689567,59.276336496845424,Zone_B_Street
2025-11-05 09:15:00,28.579299389696956,58.58642646634185,Zone_B_Street
2025-11-05 09:30:00,27.608368552701634,58.60397767511189,Zone_B_Street
2025-11-05 09:45:00,27.607111443790693,56.4535214777572,Zone_B_Street
2025-11-05 10:00:00,27.74248979535646,53.0952379489042,Zone_B_Street
2025-11-05 10:15:00,27.100748430915687,59.50368719890933,Zone_B_Street
2025-11-05 10:30:00,31.0424611967606,56.270686490449336,Zone_B_Street
2025-11-05 10:45:00,28.251169943658518,55.43365808342844,Zone_B_Street
2025-11-05 11:00:00,30.655366912683586,58.48918034496078,Zone_B_Street
2025-11-05 11:15:00,31.185900479899832,56.27361887895205,Zone_B_Street
2025-11-05 11:30:00,30.454690654090992,59.145538183971816,Zone_B_Street
2025-11-05 11:45:00,28.341864147115945,58.240435129437586,Zone_B_Street
2025-11-05 12:00:00,29.605595135504913,58.36713864640095,Zone_B_Street
2025-11-05 12:15:00,28.953001206606643,54.27451180788312,Zone_B_Street
2025-11-05 12:30:00,27.60167151577386,59.449553386651374,Zone_B_Street
2025-11-05 12:45:00,29.39046532459856,57.58014522125802,Zone_B_Street
2025-11-05 13:00:00,27.061069444705637,56.36366824264039,Zone_B_Street
2025-11-05 13:15:00,30.516169730167874,57.44598654619919,Zone_B_Street
2025-11-05 13:30:00,27.922471716608843,53.675890936669504,Zone_B_Street
2025-11-05 13:45:00,28.7861031914727,58.12668739836328,Zone_B_Street
2025-11-05 14:00:00,28.75505882624141,55.343180772282544,Zone_B_Street
2025-11-05 14:15:00,27.76899060095661,54.800250591405295,Zone_B_Street
2025-11-05 14:30:00,28.84680740366909,54.57522160669051,Zone_B_Street
2025-11-05 14:45:00,27.046843552461098,59.96985732754292,Zone_B_Street
2025-11-05 15:00:00,28.842479852118604,56.62015286905478,Zone_B_Street
2025-11-05 15:15:00,25.27775955513022,61.089417974532786,Zone_B_Street
2025-11-05 15:30:00,27.233376514363222,57.10211278686924,Zone_B_Street
2025-11-05 15:45:00,29.68624466368544,54.918573385755295,Zone_B_Street
2025-11-05 16:00:00,24.999503013091637,56.26695112010268,Zone_B_Street
2025-11-05 16:15:00,25.19482599530773,61.14475716935687,Zone_B_Street
2025-11-05 16:30:00,26.684278936313824,58.5401533470314,Zone_B_Street
2025-11-05 16:45:00,25.876569999425207,57.939107011109314,Zone_B_Street
2025-11-05 17:00:00,25.820040374422945,59.54357931639801,Zone_B_Street
2025-11-05 17:15:00,25.709232305302134,60.418294506286706,Zone_B_Street
2025-11-05 17:30:00,25.604713163942915,61.843219055144765,Zone_B_Street
2025-11-05 17:45:00,25.99156540908505,62.700789072095425,Zone_B_Street
2025-11-05 18:00:00,24.61472798539277,59.28046270842183,Zone_B_Street
2025-11-05 18:15:00,23.311097871921472,57.544114015526354,Zone_B_Street
2025-11-05 18:30:00,24.35622959070384,59.564648254413605,Zone_B_Street
2025-11-05 18:45:00,25.874371292262182,61.10583197921416,Zone_B_Street
2025-11-05 19:00:00,22.506954154913537,58.848939282886334,Zone_B_Street
2025-11-05 19:15:00,20.931008716478228,59.0500165661194,Zone_B_Street
2025-11-05 19:30:00,23.74720384210501,61.83562606019504,Zone_B_Street
2025-11-05 19:45:00,21.607984802974595,61.229561367516105,Zone_B_Street
2025-11-05 20:00:00,18.240995680978948,61.565593990823174,Zone_B_Street
2025-11-05 20:15:00,22.493281350627623,60.14972002965867,Zone_B_Street
2025-11-05 20:30:00,20.153200576025515,61.36548285861463,Zone_B_Street
2025-11-05 20:45:00,20.567471001043415,60.1295711567636,Zone_B_Street
2025-11-05 21:00:00,20.962436589920788,63.90171716580921,Zone_B_Street
2025-11-05 21:15:00,20.526550482273713,64.32601809188444,Zone_B_Street
2025-11-05 21:30:00,21.097411024252388,58.68768429639752,Zone_B_Street
2025-11-05 21:45:00,19.189422382632507,60.63538711652282,Zone_B_Street
2025-11-05 22:00:00,20.439531678341933,59.60501770117316,Zone_B_Street
2025-11-05 22:15:00,19.126316275960683,61.39057035578426,Zone_B_Street
2025-11-05 22:30:00,20.48881805877482,62.60476265795314,Zone_B_Street
2025-11-05 22:45:00,20.188400578544055,59.941499949088254,Zone_B_Street
2025-11-05 23:00:00,17.767212815487767,61.05405785261658,Zone_B_Street
2025-11-05 23:15:00,20.725046772246397,60.934441097046694,Zone_B_Street
2025-11-05 23:30:00,18.23883052545988,63.38886924291932,Zone_B_Street
2025-11-05 23:45:00,20.2227920812287,63.132265443788306,Zone_B_Street
2025-11-06 00:00:00,19.550930970102012,61.556524893325495,Zone_B_Street
2025-11-06 00:15:00,21.767980898999667,63.347218513994605,Zone_B_Street
2025-11-06 00:30:00,18.707576719573172,61.8809744149469,Zone_B_Street
2025-11-06 00:45:00,18.57209840380655,62.39904562055758,Zone_B_Street
2025-11-06 01:00:00,19.141241459723062,66.24468165946428,Zone_B_Street
2025-11-06 01:15:00,18.81057967827306,65.52171249206602,Zone_B_Street
2025-11-06 01:30:00,20.580515190356643,60.17247612367866,Zone_B_Street
2025-11-06 01:45:00,17.091170379681678,64.35008306035641,Zone_B_Street
2025-11-06 02:00:00,18.089349352358276,64.2208693203365,Zone_B_Street
2025-11-06 02:15:00,18.240947556118485,60.197882259402405,Zone_B_Street
2025-11-06 02:30:00,21.458694686504188,64.01761530838343,Zone_B_Street
2025-11-06 02:45:00,22.806721021478,65.33138325926204,Zone_B_Street
2025-11-06 03:00:00,20.307792266261053,59.87623073107082,Zone_B_Street
2025-11-06 03:15:00,20.450038339714638,60.14303180327168,Zone_B_Street
2025-11-06 03:30:00,21.061271099626172,63.86160722071317,Zone_B_Street
2025-11-06 03:45:00,22.964966288814274,62.2097013207101,Zone_B_Street
2025-11-06 04:00:00,20.10897029871414,62.602952550479046,Zone_B_Street
2025-11-06 04:15:00,22.14611002300717,62.008044503457995,Zone_B_Street
2025-11-06 04:30:00,23.549379282848193,61.92944213895156,Zone_B_Street
2025-11-06 04:45:00,23.144443928393958,58.311374139287324,Zone_B_Street
2025-11-06 05:00:00,22.990277199385513,62.87109254855046,Zone_B_Street
2025-11-06 05:15:00,24.526117528770072,62.92445095090393,Zone_B_Street
2025-11-06 05:30:00,19.292520599400888,59.9327970885241,Zone_B_Street
2025-11-06 05:45:00,24.689797333145645,60.10925548806271,Zone_B_Street
2025-11-06 06:00:00,23.018886475308864,56.93778499488855,Zone_B_Street
2025-11-06 06:15:00,21.58106630086603,60.83230012434524,Zone_B_Street
2025-11-06 06:30:00,25.419434860387728,60.752536306768135,Zone_B_Street
2025-11-06 06:45:00,27.035939427825078,59.290346999952995,Zone_B_Street
2025-11-06 07:00:00,25.087922453571064,61.47224958443345,Zone_B_Street
2025-11-06 07:15:00,27.036509147320217,58.36752714213063,Zone_B_Street
2025-11-06 07:30:00,28.331834548808416,59.98116155469194,Zone_B_Street
2025-11-06 07:45:00,28.18381513147108,56.63380525195876,Zone_B_Street
2025-11-06 08:00:00,28.95994679405709,58.452895698251524,Zone_B_Street
2025-11-06 08:15:00,27.89104240170585,57.98458078513553,Zone_B_Street
2025-11-06 08:30:00,27.15695760339599,58.62433155705572,Zone_B_Street
2025-11-06 08:45:00,24.89378035765459,57.28290869703307,Zone_B_Street
2025-11-06 09:00:00,27.166440173737815,57.61573446509702,Zone_B_Street
2025-11-06 09:15:00,26.494329144420597,59.39657492044608,Zone_B_Street
2025-11-06 09:30:00,31.223180777702897,56.746411504649856,Zone_B_Street
2025-11-06 09:45:00,27.89351934286422,54.292436961615,Zone_B_Street
2025-11-06 10:00:00,28.51493422909892,60.90109159705752,Zone_B_Street
2025-11-06 10:15:00,29.311591771724142,60.07228993278291,Zone_B_Street
2025-11-06 10:30:00,28.684801332115114,54.6438360122549,Zone_B_Street
2025-11-06 10:45:00,31.277227208121655,58.538625222005074,Zone_B_Street
2025-11-06 11:00:00,27.89565508884366,56.09627298003011,Zone_B_Street
2025-11-06 11:15:00,29.195837584872017,57.58461858945243,Zone_B_Street
2025-11-06 11:30:00,27.84351842832198,57.61411367390556,Zone_B_Street
2025-11-06 11:45:00,27.009260849361958,56.537607629651546,Zone_B_Street
2025-11-06 12:00:00,28.08234636364207,55.432468668827205,Zone_B_Street
2025-11-06 12:15:00,28.933739420620398,55.62534112565167,Zone_B_Street
2025-11-06 12:30:00,28.31327097009316,55.193281584916086,Zone_B_Street
2025-11-06 12:45:00,27.86529493220537,55.39399974232942,Zone_B_Street
2025-11-06 13:00:00,26.72015293593759,56.967865941034084,Zone_B_Street
2025-11-06 13:15:00,28.60999228853249,55.72768963329318,Zone_B_Street
2025-11-06 13:30:00,26.36231710150993,58.592465533891385,Zone_B_Street
2025-11-06 13:45:00,29.624447653197844,60.283874086073794,Zone_B_Street
2025-11-06 14:00:00,28.45378664832395,56.2418173059066,Zone_B_Street
2025-11-06 14:15:00,25.971020812315327,57.98440016416311,Zone_B_Street
2025-11-06 14:30:00,27.50295308588138,58.61931019973216,Zone_B_Street
2025-11-06 14:45:00,26.630964429009012,58.68848511940162,Zone_B_Street
2025-11-06 15:00:00,28.01429567156151,58.03059019227253,Zone_B_Street
2025-11-06 15:15:00,29.307404744535063,59.50732739141924,Zone_B_Street
2025-11-06 15:30:00,24.231048440574988,59.13821361833515,Zone_B_Street
2025-11-06 15:45:00,26.95039028381914,55.857964456286595,Zone_B_Street
2025-11-06 16:00:00,26.259800806650038,60.238312128778546,Zone_B_Street
2025-11-06 16:15:00,27.218453565770705,60.44771560387648,Zone_B_Street
2025-11-06 16:30:00,26.233212104181984,57.32537749454757,Zone_B_Street
2025-11-06 16:45:00,24.47924332890758,59.111557274985714,Zone_B_Street
2025-11-06 17:00:00,24.815514322012678,60.590200850314574,Zone_B_Street
2025-11-06 17:15:00,23.781412824875407,58.996101394792895,Zone_B_Street
2025-11-06 17:30:00,26.266641668998158,61.75437751887186,Zone_B_Street
2025-11-06 17:45:00,24.35898311915863,64.53153560154828,Zone_B_Street
2025-11-06 18:00:00,26.851786028629512,58.42802793473003,Zone_B_Street
2025-11-06 18:15:00,23.581993133127355,57.43412018138288,Zone_B_Street
2025-11-06 18:30:00,22.28475888853405,60.99921576786991,Zone_B_Street
2025-11-06 18:45:00,20.75397680100012,62.02839597630067,Zone_B_Street
2025-11-06 19:00:00,20.00119526010348,60.31472438761802,Zone_B_Street
2025-11-06 19:15:00,20.016598758975956,63.87083972255156,Zone_B_Street
2025-11-06 19:30:00,22.487272814691774,58.47083869764877,Zone_B_Street
2025-11-06 19:45:00,22.551644083749892,62.71270331672023,Zone_B_Street
2025-11-06 20:00:00,19.1282139469518,60.288278358482216,Zone_B_Street
2025-11-06 20:15:00,22.564706306016163,65.1054665114734,Zone_B_Street
2025-11-06 20:30:00,20.23160127743124,65.8113149933624,Zone_B_Street
2025-11-06 20:45:00,20.923460442477978,60.44472426973351,Zone_B_Street
2025-11-06 21:00:00,22.882797036450402,61.02220607174248,Zone_B_Street
2025-11-06 21:15:00,21.586059936403412,63.97469519639654,Zone_B_Street
2025-11-06 21:30:00,19.63043732668508,61.605798721294676,Zone_B_Street
2025-11-06 21:45:00,18.50586360036434,62.403586401043164,Zone_B_Street
2025-11-06 22:00:00,16.44214987908385,62.648853052438135,Zone_B_Street
2025-11-06 22:15:00,18.436906313472928,58.85127191220275,Zone_B_Street
2025-11-06 22:30:00,19.063906979202024,62.74396310534539,Zone_B_Street
2025-11-06 22:45:00,17.784580061797698,61.46133484035697,Zone_B_Street
2025-11-06 23:00:00,18.9734854179162,61.91153183406766,Zone_B_Street
2025-11-06 23:15:00,19.211351422422002,65.82961984814732,Zone_B_Street
2025-11-06 23:30:00,18.70549172041883,60.46132079556292,Zone_B_Street
2025-11-06 23:45:00,18.035701512571794,64.61998714321176,Zone_B_Street
2025-11-07 00:00:00,19.25298200795009,62.442074139336384,Zone_B_Street
2025-11-07 00:15:00,19.673616358161095,62.43405643272414,Zone_B_Street
2025-11-07 00:30:00,17.40717707696668,64.55507837622486,Zone_B_Street
2025-11-07 00:45:00,21.212472167603252,63.62245843034747,Zone_B_Street
2025-11-07 01:00:00,19.02248867012827,64.03900347330627,Zone_B_Street
2025-11-07 01:15:00,19.293623786941744,64.77715970955104,Zone_B_Street
2025-11-07 01:30:00,20.4429239723284,62.10902183116721,Zone_B_Street
2025-11-07 01:45:00,19.86546048923181,61.46614475558256,Zone_B_Street
2025-11-07 02:00:00,21.099577931947678,60.42777515823772,Zone_B_Street
2025-11-07 02:15:00,20.27333818629001,60.843587776949725,Zone_B_Street
2025-11-07 02:30:00,19.114577236583166,68.27824887149116,Zone_B_Street
2025-11-07 02:45:00,20.783056250414266,64.7448785839105,Zone_B_Street
2025-11-07 03:00:00,18.74887678308627,59.419171611143604,Zone_B_Street
2025-11-07 03:15:00,20.86611048316444,59.33312153181307,Zone_B_Street
2025-11-07 03:30:00,20.90634786898971,62.790016410463146,Zone_B_Street
2025-11-07 03:45:00,20.90997354899318,62.76124029381474,Zone_B_Street
2025-11-07 04:00:00,21.307193732841604,62.59776767063473,Zone_B_Street
2025-11-07 04:15:00,18.965782980658535,60.81695448354961,Zone_B_Street
2025-11-07 04:30:00,21.263495476563108,60.897141777089466,Zone_B_Street
2025-11-07 04:45:00,22.532070025195864,61.6200774442282,Zone_B_Street
2025-11-07 05:00:00,22.9456893624835,60.94824314789422,Zone_B_Street
2025-11-07 05:15:00,21.483035678530424,56.14667022055331,Zone_B_Street
2025-11-07 05:30:00,25.245930800196795,59.931979315509764,Zone_B_Street
2025-11-07 05:45:00,22.373722081527532,58.493396519169806,Zone_B_Street
2025-11-07 06:00:00,25.454185800790107,60.35042283781702,Zone_B_Street
2025-11-07 06:15:00,24.967807188958243,65.7743086175164,Zone_B_Street
2025-11-07 06:30:00,23.68328999633455,60.34338475428846,Zone_B_Street
2025-11-07 06:45:00,27.638417948994906,58.78766966160682,Zone_B_Street
2025-11-07 07:00:00,23.50363997787788,61.067145868646946,Zone_B_Street
2025-11-07 07:15:00,26.98592858693081,60.00105737850894,Zone_B_Street
2025-11-07 07:30:00,27.414290638889916,59.692138683808416,Zone_B_Street
2025-11-07 07:45:00,25.20551313748004,59.88683511577434,Zone_B_Street
2025-11-07 08:00:00,28.588697950096492,62.613087129659085,Zone_B_Street
2025-11-07 08:15:00,26.402781393199582,56.07151243028937,Zone_B_Street
2025-11-07 08:30:00,27.476847588963388,59.12097986659675,Zone_B_Street
2025-11-07 08:45:00,27.687211833657177,56.16920029473671,Zone_B_Street
2025-11-07 09:00:00,27.334070793726916,58.98970494912485,Zone_B_Street
2025-11-07 09:15:00,28.975411447134558,55.90710755459088,Zone_B_Street
2025-11-07 09:30:00,29.156999782284498,56.78520635191612,Zone_B_Street
2025-11-07 09:45:00,25.534550101655455,56.91541133461655,Zone_B_Street
2025-11-07 10:00:00,30.28663738323942,59.353557227336104,Zone_B_Street
2025-11-07 10:15:00,25.99062572560993,59.14629066328676,Zone_B_Street
2025-11-07 10:30:00,30.16821696906892,54.73692664957337,Zone_B_Street
2025-11-07 10:45:00,30.4247083527169,57.26907783351438,Zone_B_Street
2025-11-07 11:00:00,27.193179486122542,55.68306281163445,Zone_B_Street
2025-11-07 11:15:00,28.287704970084278,54.54063433743964,Zone_B_Street
2025-11-07 11:30:00,27.298667304140146,56.59163131502983,Zone_B_Street
2025-11-07 11:45:00,28.666913070759914,56.38945765337255,Zone_B_Street
2025-11-07 12:00:00,28.537948573721387,61.853432972691046,Zone_B_Street
2025-11-07 12:15:00,30.158785414597027,57.872342881005586,Zone_B_Street
2025-11-07 12:30:00,30.922687426048462,54.2704304143701,Zone_B_Street
2025-11-07 12:45:00,30.99745211820109,55.928096150448425,Zone_B_Street
2025-11-07 13:00:00,27.986377091577886,59.14498911199159,Zone_B_Street
2025-11-07 13:15:00,28.42081783685874,61.33609515725453,Zone_B_Street
2025-11-07 13:30:00,26.09424037422501,54.05639477799023,Zone_B_Street
2025-11-07 13:45:00,27.27555860791916,53.54953300512385,Zone_B_Street
2025-11-07 14:00:00,29.77740446856838,61.14385413939025,Zone_B_Street
2025-11-07 14:15:00,30.58072229683507,58.28481951783417,Zone_B_Street
2025-11-07 14:30:00,26.115243393636295,55.88335451537356,Zone_B_Street
2025-11-07 14:45:00,26.870502648665546,58.81373874980794,Zone_B_Street
2025-11-07 15:00:00,27.495925270494347,52.6071841784066,Zone_B_Street
2025-11-07 15:15:00,27.716970813729755,58.028713567894115,Zone_B_Street
2025-11-07 15:30:00,25.829401865161135,58.829358058660006,Zone_B_Street
2025-11-07 15:45:00,27.413942731794148,60.181829580016846,Zone_B_Street
2025-11-07 16:00:00,25.789240979393625,56.47220809541493,Zone_B_Street
2025-11-07 16:15:00,26.189765044777587,58.844508252149716,Zone_B_Street
2025-11-07 16:30:00,26.732843533830998,57.00110045078556,Zone_B_Street
2025-11-07 16:45:00,25.616830731232216,59.546449115439145,Zone_B_Street
2025-11-07 17:00:00,24.639516389722754,57.43285021996638,Zone_B_Street
2025-11-07 17:15:00,24.811036904191894,58.59852735563118,Zone_B_Street
2025-11-07 17:30:00,24.520086522292257,57.616790633759386,Zone_B_Street
2025-11-07 17:45:00,23.771999101327523,61.106063095956884,Zone_B_Street
2025-11-07 18:00:00,23.611805905999347,61.716902233313334,Zone_B_Street
2025-11-07 18:15:00,26.070955109606363,59.7269682477756,Zone_B_Street
2025-11-07 18:30:00,24.1887482108116,60.468054566580214,Zone_B_Street
2025-11-07 18:45:00,22.58132791287562,57.688088136781296,Zone_B_Street
2025-11-07 19:00:00,23.751336381253502,60.177103839293984,Zone_B_Street
2025-11-07 19:15:00,21.892073438850176,60.863909161825994,Zone_B_Street
2025-11-07 19:30:00,23.846269794554512,66.38963647915521,Zone_B_Street
2025-11-07 19:45:00,22.34301983720213,59.10293201910868,Zone_B_Street
2025-11-07 20:00:00,21.339046783993656,64.42835447750487,Zone_B_Street
2025-11-07 20:15:00,21.893724223617408,63.66042824599042,Zone_B_Street
2025-11-07 20:30:00,18.59987862685365,62.38755709600643,Zone_B_Street
2025-11-07 20:45:00,19.01311972113495,65.49527841369047,Zone_B_Street
2025-11-07 21:00:00,18.673578584468682,62.86553128877336,Zone_B_Street
2025-11-07 21:15:00,20.455215604750673,63.03383781377279,Zone_B_Street
2025-11-07 21:30:00,22.632005797771466,62.27381871483862,Zone_B_Street
2025-11-07 21:45:00,23.18960215777622,64.94154660174489,Zone_B_Street
2025-11-07 22:00:00,20.626949633238944,64.79101467897509,Zone_B_Street
2025-11-07 22:15:00,20.266903004753246,61.439263649605635,Zone_B_Street
2025-11-07 22:30:00,16.679015736214456,60.133144208336326,Zone_B_Street
2025-11-07 22:45:00,18.451338652923443,62.434829113694,Zone_B_Street
2025-11-07 23:00:00,17.9886952406923,61.29770035007191,Zone_B_Street
2025-11-07 23:15:00,18.164802200607177,62.81530669197898,Zone_B_Street
2025-11-07 23:30:00,18.790559965253763,65.4492108534897,Zone_B_Street
2025-11-07 23:45:00,18.30256951726129,62.078973459542226,Zone_B_Street
2025-11-08 00:00:00,16.03105028443632,62.91435323737685,Zone_B_Street
2025-11-08 00:15:00,20.13257076798328,63.1096222393326,Zone_B_Street
2025-11-08 00:30:00,17.43366115452124,64.67119634853199,Zone_B_Street
2025-11-08 00:45:00,19.45494389415057,58.44857717324048,Zone_B_Street
2025-11-08 01:00:00,22.281494873179618,61.68437688933661,Zone_B_Street
2025-11-08 01:15:00,17.886272465144838,63.26335777304426,Zone_B_Street
2025-11-08 01:30:00,15.585171053324071,65.17179651038758,Zone_B_Street
2025-11-08 01:45:00,19.086629959516394,61.70681332958565,Zone_B_Street
2025-11-08 02:00:00,21.321312433575667,58.84497079926957,Zone_B_Street
2025-11-08 02:15:00,22.780173119818166,63.73383172883991,Zone_B_Street
2025-11-08 02:30:00,18.188908906865198,61.109335243222446,Zone_B_Street
2025-11-08 02:45:00,20.985849797459895,59.87618610425621,Zone_B_Street
2025-11-08 03:00:00,19.766500408897183,60.8726295641332,Zone_B_Street
2025-11-08 03:15:00,20.544348393043453,61.60898672998851,Zone_B_Street
2025-11-08 03:30:00,24.92270787548195,60.616794957949736,Zone_B_Street
2025-11-08 03:45:00,18.96769334230926,57.255578584860665,Zone_B_Street
2025-11-08 04:00:00,21.88060949224186,63.29413239377426,Zone_B_Street
2025-11-08 04:15:00,22.49009630655314,63.87661615321445,Zone_B_Street
2025-11-08 04:30:00,23.71526232558357,62.45109427977428,Zone_B_Street
2025-11-08 04:45:00,22.539777403690533,58.688947055059856,Zone_B_Street
2025-11-08 05:00:00,23.16798058374355,60.37347406741252,Zone_B_Street
2025-11-08 05:15:00,22.437075538786672,60.572228335589465,Zone_B_Street
2025-11-08 05:30:00,23.751059450767404,61.58916735578397,Zone_B_Street
2025-11-08 05:45:00,23.158195940603168,61.53289036512659,Zone_B_Street
2025-11-08 06:00:00,24.932357834784078,58.53165240244301,Zone_B_Street
2025-11-08 06:15:00,23.772600142085267,59.96778172513669,Zone_B_Street
2025-11-08 06:30:00,25.218281551953538,60.52298223257033,Zone_B_Street
2025-11-08 06:45:00,24.931557389553173,62.32637367824515,Zone_B_Street
2025-11-08 07:00:00,26.983170601670857,60.63255594434189,Zone_B_Street
2025-11-08 07:15:00,25.53010674113308,60.613794978841554,Zone_B_Street
2025-11-08 07:30:00,23.25386845951513,59.01960295876346,Zone_B_Street
2025-11-08 07:45:00,28.104325702165994,61.49405221975,Zone_B_Street
2025-11-08 08:00:00,25.14140154870607,59.319525591918996,Zone_B_Street
2025-11-08 08:15:00,25.79720165712478,56.61111348059406,Zone_B_Street
2025-11-08 08:30:00,26.150315203978362,60.98045565322422,Zone_B_Street
2025-11-08 08:45:00,29.35838621525657,59.41776909977784,Zone_B_Street
2025-11-08 09:00:00,24.332022584964694,56.99259161418339,Zone_B_Street
2025-11-08 09:15:00,32.465821837884874,56.78549464276458,Zone_B_Street
2025-11-08 09:30:00,29.550851915055254,58.21309106940782,Zone_B_Street
2025-11-08 09:45:00,28.492206432706464,58.43196075362753,Zone_B_Street
2025-11-08 10:00:00,28.24778601799776,57.796508319909094,Zone_B_Street
2025-11-08 10:15:00,28.912694819949927,57.931999122287706,Zone_B_Street
2025-11-08 10:30:00,29.40108130512544,60.628276151618905,Zone_B_Street
2025-11-08 10:45:00,29.702474026400612,59.30229591598445,Zone_B_Street
2025-11-08 11:00:00,29.663035830450514,57.483493703662845,Zone_B_Street
2025-11-08 11:15:00,29.038297423899028,58.940265320325274,Zone_B_Street
2025-11-08 11:30:00,28.661216676408063,54.96061760882349,Zone_B_Street
2025-11-08 11:45:00,28.76238469071275,57.80227733017781,Zone_B_Street
2025-11-08 12:00:00,28.70763757947098,60.61861269946622,Zone_B_Street
2025-11-08 12:15:00,30.689949761493615,56.57033143949944,Zone_B_Street
2025-11-08 12:30:00,29.847559390290343,55.3303975586404,Zone_B_Street
2025-11-08 12:45:00,24.493343450019733,55.75346638160419,Zone_B_Street
2025-11-08 13:00:00,29.81348029623998,54.92295644644802,Zone_B_Street
2025-11-08 13:15:00,29.02675493955369,55.58968579525928,Zone_B_Street
2025-11-08 13:30:00,28.59133452788759,56.48734520528608,Zone_B_Street
2025-11-08 13:45:00,27.901586028030113,54.49824773704466,Zone_B_Street
2025-11-08 14:00:00,30.016296098901215,57.43316045654589,Zone_B_Street
2025-11-08 14:15:00,29.578637754697013,59.310145510665656,Zone_B_Street
2025-11-08 14:30:00,26.807450199720762,55.804427618832456,Zone_B_Street
2025-11-08 14:45:00,28.36977746808169,60.783048424846605,Zone_B_Street
2025-11-08 15:00:00,26.078048804120808,58.90026383349554,Zone_B_Street
2025-11-08 15:15:00,25.22730182831695,60.08312372594791,Zone_B_Street
2025-11-08 15:30:00,26.103731308158657,56.858046605269564,Zone_B_Street
2025-11-08 15:45:00,28.07144137367215,60.04233975507442,Zone_B_Street
2025-11-08 16:00:00,27.92968756806413,56.31613219920938,Zone_B_Street
2025-11-08 16:15:00,26.981071581240947,60.45362893101601,Zone_B_Street
2025-11-08 16:30:00,27.001060842097445,59.1956283824918,Zone_B_Street
2025-11-08 16:45:00,26.381464757188247,60.14218404406008,Zone_B_Street
2025-11-08 17:00:00,24.33187283267818,56.87235365344273,Zone_B_Street
2025-11-08 17:15:00,25.62333542709155,57.624589349398406,Zone_B_Street
2025-11-08 17:30:00,25.853245248941786,60.80287785984661,Zone_B_Street
2025-11-08 17:45:00,25.458452640871077,57.90709460386117,Zone_B_Street
2025-11-08 18:00:00,25.783370057211965,60.926412584198246,Zone_B_Street
2025-11-08 18:15:00,24.735440124650882,57.46193377476994,Zone_B_Street
2025-11-08 18:30:00,23.874541350212116,62.08792700199349,Zone_B_Street
2025-11-08 18:45:00,24.629773747394,58.12022433651136,Zone_B_Street
2025-11-08 19:00:00,22.666122885613806,61.88105701066661,Zone_B_Street
2025-11-08 19:15:00,21.069990696642613,62.21558026320149,Zone_B_Street
2025-11-08 19:30:00,21.841982392258906,59.75450666023612,Zone_B_Street
2025-11-08 19:45:00,20.67120258169532,62.49091920482646,Zone_B_Street
2025-11-08 20:00:00,20.48723258753843,62.02088452666711,Zone_B_Street
2025-11-08 20:15:00,21.005370828828713,60.589026986673325,Zone_B_Street
2025-11-08 20:30:00,19.767562973456457,59.809174918873744,Zone_B_Street
2025-11-08 20:45:00,20.241328630041096,58.052786061955054,Zone_B_Street
2025-11-08 21:00:00,17.624044093636588,62.820620438159025,Zone_B_Street
2025-11-08 21:15:00,20.56074152366452,59.125913879712826,Zone_B_Street
2025-11-08 21:30:00,20.035041511587163,62.57074841975632,Zone_B_Street
2025-11-08 21:45:00,18.617018991884986,61.96751240474314,Zone_B_Street
2025-11-08 22:00:00,20.658741483726416,63.956361762229704,Zone_B_Street
2025-11-08 22:15:00,20.921991498776396,62.08652722561833,Zone_B_Street
2025-11-08 22:30:00,16.969262540890107,62.11274302483967,Zone_B_Street
2025-11-08 22:45:00,18.121262184675153,64.30453179706191,Zone_B_Street
2025-11-08 23:00:00,18.01665734387371,63.56789353703544,Zone_B_Street
2025-11-08 23:15:00,17.68621894632055,63.57466775557525,Zone_B_Street
2025-11-08 23:30:00,20.28698795602857,63.912869763738485,Zone_B_Street
2025-11-08 23:45:00,18.719966175647777,59.922432523301595,Zone_B_Street
2025-11-02 00:00:00,19.135183019980474,76.2933351935885,Zone_C_Park
2025-11-02 00:15:00,18.927267498065987,75.21760342943756,Zone_C_Park
2025-11-02 00:30:00,16.509195861640013,74.98141650520995,Zone_C_Park
2025-11-02 00:45:00,17.710738167875775,75.81993200322705,Zone_C_Park
2025-11-02 01:00:00,18.077335763402278,77.05929105937966,Zone_C_Park
2025-11-02 01:15:00,18.01053430541698,82.31546674123551,Zone_C_Park
2025-11-02 01:30:00,18.805271819807654,77.27420696525023,Zone_C_Park
2025-11-02 01:45:00,20.559559206616022,78.58424208205373,Zone_C_Park
2025-11-02 02:00:00,20.15854847637149,78.91865422663663,Zone_C_Park
2025-11-02 02:15:00,16.705792760642712,78.25542097672086,Zone_C_Park
2025-11-02 02:30:00,19.759691624294135,77.70118510359646,Zone_C_Park
2025-11-02 02:45:00,20.986040749387204,75.31603577972582,Zone_C_Park
2025-11-02 03:00:00,19.751785656287613,80.44743950882999,Zone_C_Park
2025-11-02 03:15:00,20.99908737737867,80.98803822163602,Zone_C_Park
2025-11-02 03:30:00,22.583359952516265,73.82622375618602,Zone_C_Park
2025-11-02 03:45:00,21.313283387082063,74.95199565709781,Zone_C_Park
2025-11-02 04:00:00,20.373962893462593,76.24037931524599,Zone_C_Park
2025-11-02 04:15:00,21.798477950251126,74.66316369496802,Zone_C_Park
2025-11-02 04:30:00,20.686598020184977,77.38959146342606,Zone_C_Park
2025-11-02 04:45:00,20.75009670371479,74.70063767027816,Zone_C_Park
2025-11-02 05:00:00,20.437602466019317,80.26186069798229,Zone_C_Park
2025-11-02 05:15:00,23.56475875018365,78.08342234794526,Zone_C_Park
2025-11-02 05:30:00,20.250252232206794,75.89504235325661,Zone_C_Park
2025-11-02 05:45:00,24.0369390700966,77.28942379186799,Zone_C_Park
2025-11-02 06:00:00,22.749796185610556,77.21180084871462,Zone_C_Park
2025-11-02 06:15:00,20.16265325471766,73.636653758655,Zone_C_Park
2025-11-02 06:30:00,23.073578708367336,72.89767121892388,Zone_C_Park
2025-11-02 06:45:00,19.630321526587075,74.45396096668122,Zone_C_Park
2025-11-02 07:00:00,23.973538205656638,75.7915236866268,Zone_C_Park
2025-11-02 07:15:00,24.613605085696133,74.12093872221546,Zone_C_Park
2025-11-02 07:30:00,22.64219979598228,70.46834667910368,Zone_C_Park
2025-11-02 07:45:00,23.95447630480938,71.80211182730991,Zone_C_Park
2025-11-02 08:00:00,26.93123615062543,73.05205427281125,Zone_C_Park
2025-11-02 08:15:00,23.463660875685505,72.84861595247777,Zone_C_Park
2025-11-02 08:30:00,22.846684335449982,76.75354320914822,Zone_C_Park
2025-11-02 08:45:00,26.859878364094175,69.85437918084176,Zone_C_Park
2025-11-02 09:00:00,27.772307910542384,73.46559407140019,Zone_C_Park
2025-11-02 09:15:00,25.012902737687682,75.27160290973227,Zone_C_Park
2025-11-02 09:30:00,26.690607914277475,76.68682746579714,Zone_C_Park
2025-11-02 09:45:00,27.3380923225065,71.19791454934293,Zone_C_Park
2025-11-02 10:00:00,24.35037526633018,72.86516745181642,Zone_C_Park
2025-11-02 10:15:00,24.859532213078953,72.91077884487962,Zone_C_Park
2025-11-02 10:30:00,27.54182989977725,72.06499714606595,Zone_C_Park
2025-11-02 10:45:00,28.315241936043186,71.393361131339,Zone_C_Park
2025-11-02 11:00:00,26.708024595417807,72.39461780435944,Zone_C_Park
2025-11-02 11:15:00,24.60341959135984,66.40468082010901,Zone_C_Park
2025-11-02 11:30:00,28.946371113044403,72.79493747917954,Zone_C_Park
2025-11-02 11:45:00,25.19497934623647,71.66006368366496,Zone_C_Park
2025-11-02 12:00:00,25.497293328242822,70.95505020644347,Zone_C_Park
2025-11-02 12:15:00,26.504942444688847,75.50143226778013,Zone_C_Park
2025-11-02 12:30:00,28.2970200765674,70.08093046147317,Zone_C_Park
2025-11-02 12:45:00,27.204105086441256,70.66302101241831,Zone_C_Park
2025-11-02 13:00:00,26.48600155569914,75.50577362976883,Zone_C_Park
2025-11-02 13:15:00,26.48265331315758,69.9269289241179,Zone_C_Park
2025-11-02 13:30:00,25.760790133010346,70.57380311708629,Zone_C_Park
2025-11-02 13:45:00,26.424700237908514,71.47720728362063,Zone_C_Park
2025-11-02 14:00:00,21.669761498596298,73.56377751063512,Zone_C_Park
2025-11-02 14:15:00,24.88096726060548,72.42231441041747,Zone_C_Park
2025-11-02 14:30:00,25.53539626354011,69.55867728064703,Zone_C_Park
2025-11-02 14:45:00,23.280838104486648,71.22903956682131,Zone_C_Park
2025-11-02 15:00:00,25.40791210146353,71.23970672130402,Zone_C_Park
2025-11-02 15:15:00,24.330676428921095,72.47191297519366,Zone_C_Park
2025-11-02 15:30:00,27.06825926350812,73.66014617282826,Zone_C_Park
2025-11-02 15:45:00,26.581810519900692,73.83635867290538,Zone_C_Park
2025-11-02 16:00:00,23.301291646322756,69.6479764919032,Zone_C_Park
2025-11-02 16:15:00,23.542898193525964,75.5356426903333,Zone_C_Park
2025-11-02 16:30:00,23.41981238104777,74.12747733547891,Zone_C_Park
2025-11-02 16:45:00,22.608268646973215,76.61188202009643,Zone_C_Park
2025-11-02 17:00:00,23.327813656452275,74.95664809221226,Zone_C_Park
2025-11-02 17:15:00,21.642938184733126,76.50032075621345,Zone_C_Park
2025-11-02 17:30:00,20.82618176647392,75.46319633090806,Zone_C_Park
2025-11-02 17:45:00,23.195679352770973,77.45700024717698,Zone_C_Park
2025-11-02 18:00:00,22.944294376332717,76.04450127203556,Zone_C_Park
2025-11-02 18:15:00,20.53191384358944,75.03962077234272,Zone_C_Park
2025-11-02 18:30:00,22.82092837726369,80.01476373288595,Zone_C_Park
2025-11-02 18:45:00,20.27227211818749,77.48039940381786,Zone_C_Park
2025-11-02 19:00:00,21.34447167664689,77.0792374043779,Zone_C_Park
2025-11-02 19:15:00,21.94475815770604,73.60457324201471,Zone_C_Park
2025-11-02 19:30:00,20.41884742348407,73.80104512158725,Zone_C_Park
2025-11-02 19:45:00,20.912956607335694,77.17767024907211,Zone_C_Park
2025-11-02 20:00:00,19.225355534168642,77.09104239553648,Zone_C_Park
2025-11-02 20:15:00,19.483019192779444,75.77180770885394,Zone_C_Park
2025-11-02 20:30:00,19.256165137644608,77.47350654365552,Zone_C_Park
2025-11-02 20:45:00,18.242749219789363,80.55089879044743,Zone_C_Park
2025-11-02 21:00:00,18.906411630580138,78.93638936137216,Zone_C_Park
2025-11-02 21:15:00,16.66971332178847,75.42460628741884,Zone_C_Park
2025-11-02 21:30:00,18.089856018121903,77.63305437076257,Zone_C_Park
2025-11-02 21:45:00,18.246808310735315,76.38335764258403,Zone_C_Park
2025-11-02 22:00:00,18.151628756119177,77.34229162080685,Zone_C_Park
2025-11-02 22:15:00,18.05026286506308,77.40151053825839,Zone_C_Park
2025-11-02 22:30:00,18.21183557016466,77.37067515183263,Zone_C_Park
2025-11-02 22:45:00,18.931441759148676,75.89867772223559,Zone_C_Park
2025-11-02 23:00:00,19.44807230604251,78.22202361160427,Zone_C_Park
2025-11-02 23:15:00,17.102211038114678,77.40961173575701,Zone_C_Park
2025-11-02 23:30:00,16.229419271421044,72.71030412094119,Zone_C_Park
2025-11-02 23:45:00,16.44549768868093,82.6982361726623,Zone_C_Park
2025-11-03 00:00:00,17.269195618207608,80.77753930843333,Zone_C_Park
2025-11-03 00:15:00,17.48068233032082,77.83969067380899,Zone_C_Park
2025-11-03 00:30:00,16.879226455208574,78.60683960042692,Zone_C_Park
2025-11-03 00:45:00,16.132683882012238,76.1875183148165,Zone_C_Park
2025-11-03 01:00:00,17.452115453632445,81.86877873026238,Zone_C_Park
2025-11-03 01:15:00,18.484419412190537,82.2035258557286,Zone_C_Park
2025-11-03 01:30:00,19.197026068708197,78.63935377353368,Zone_C_Park
2025-11-03 01:45:00,17.576374454206764,80.27580315788836,Zone_C_Park
2025-11-03 02:00:00,17.916401651647096,78.46826501149182,Zone_C_Park
2025-11-03 02:15:00,17.284074087518853,75.3198397265373,Zone_C_Park
2025-11-03 02:30:00,18.779427883272895,77.03242528712113,Zone_C_Park
2025-11-03 02:45:00,17.719997818797868,77.97047924046822,Zone_C_Park
2025-11-03 03:00:00,20.03126459511561,76.63648897478468,Zone_C_Park
2025-11-03 03:15:00,16.683817001698557,76.93633837949017,Zone_C_Park
2025-11-03 03:30:00,19.025509775286423,77.00874202941317,Zone_C_Park
2025-11-03 03:45:00,20.229380076709205,76.83829584313965,Zone_C_Park
2025-11-03 04:00:00,20.275751774483755,76.90451698099497,Zone_C_Park
2025-11-03 04:15:00,24.270395735094738,74.4710291519952,Zone_C_Park
2025-11-03 04:30:00,20.993966307391503,74.94362805825845,Zone_C_Park
2025-11-03 04:45:00,19.20816024352434,73.58801354369145,Zone_C_Park
2025-11-03 05:00:00,20.821527448956306,77.88737966174148,Zone_C_Park
2025-11-03 05:15:00,18.555269211735812,71.49103127557741,Zone_C_Park
2025-11-03 05:30:00,21.356995607174653,77.77707497862605,Zone_C_Park
2025-11-03 05:45:00,20.48880339757829,78.0081500597542,Zone_C_Park
2025-11-03 06:00:00,23.37308541334024,74.39563882603476,Zone_C_Park
2025-11-03 06:15:00,21.437302105027268,69.55827455911688,Zone_C_Park
2025-11-03 06:30:00,22.346955895187335,73.80748458407322,Zone_C_Park
2025-11-03 06:45:00,21.827024525957906,74.16930651816429,Zone_C_Park
2025-11-03 07:00:00,25.64355320819008,72.04705499777309,Zone_C_Park
2025-11-03 07:15:00,22.803893712035777,72.81238113729214,Zone_C_Park
2025-11-03 07:30:00,26.27956929467916,76.68273004121238,Zone_C_Park
2025-11-03 07:45:00,24.990382404053406,74.73761503981508,Zone_C_Park
2025-11-03 08:00:00,24.72310009100308,71.3508717712438,Zone_C_Park
2025-11-03 08:15:00,24.77538065305469,69.80474882193856,Zone_C_Park
2025-11-03 08:30:00,25.02574166335926,72.15442422034906,Zone_C_Park
2025-11-03 08:45:00,21.74587439138186,72.19944150693888,Zone_C_Park
2025-11-03 09:00:00,24.410102033520058,73.44681396245507,Zone_C_Park
2025-11-03 09:15:00,26.27509618669239,71.22274326794037,Zone_C_Park
2025-11-03 09:30:00,25.10006758595378,73.16692712567527,Zone_C_Park
2025-11-03 09:45:00,23.218093679004816,75.8770174758313,Zone_C_Park
2025-11-03 10:00:00,25.38549493927155,73.51331059126454,Zone_C_Park
2025-11-03 10:15:00,28.14364924051399,71.67508111582077,Zone_C_Park
2025-11-03 10:30:00,27.56585570334723,71.30773274085277,Zone_C_Park
2025-11-03 10:45:00,25.694714503931372,70.87770526545788,Zone_C_Park
2025-11-03 11:00:00,27.290877220743404,73.88394885026365,Zone_C_Park
2025-11-03 11:15:00,25.373380591060844,70.21454609864577,Zone_C_Park
2025-11-03 11:30:00,23.40997206525516,71.52124391705424,Zone_C_Park
2025-11-03 11:45:00,24.604736710760083,71.51010368010319,Zone_C_Park
2025-11-03 12:00:00,28.344333152762296,70.39643161437694,Zone_C_Park
2025-11-03 12:15:00,25.58044607021046,68.66277678057281,Zone_C_Park
2025-11-03 12:30:00,25.600703476432713,72.0767475062896,Zone_C_Park
2025-11-03 12:45:00,25.4733838272006,71.3471650468376,Zone_C_Park
2025-11-03 13:00:00,28.719908189515785,72.52314796423249,Zone_C_Park
2025-11-03 13:15:00,28.226658891023515,70.52385092093928,Zone_C_Park
2025-11-03 13:30:00,29.02368848021735,74.11567628058546,Zone_C_Park
2025-11-03 13:45:00,25.348923150530677,70.01771056805863,Zone_C_Park
2025-11-03 14:00:00,25.907538348258395,75.30638911441181,Zone_C_Park
2025-11-03 14:15:00,23.050914625078992,68.51143637605432,Zone_C_Park
2025-11-03 14:30:00,27.38881500034235,73.01346810406534,Zone_C_Park
2025-11-03 14:45:00,23.25568990301401,73.24423805812893,Zone_C_Park
2025-11-03 15:00:00,25.153590470390135,70.86330145184667,Zone_C_Park
2025-11-03 15:15:00,22.99142946895101,73.47514294136178,Zone_C_Park
2025-11-03 15:30:00,23.55174547592684,75.36749619508892,Zone_C_Park
2025-11-03 15:45:00,22.96638728550386,68.5663094824213,Zone_C_Park
2025-11-03 16:00:00,23.088187108986272,74.20548961498163,Zone_C_Park
2025-11-03 16:15:00,22.960470706152538,68.42121907455144,Zone_C_Park
2025-11-03 16:30:00,22.708330537072744,71.69101003643925,Zone_C_Park
2025-11-03 16:45:00,24.53575872888311,77.10115065471051,Zone_C_Park
2025-11-03 17:00:00,21.377981990816302,72.90468737084682,Zone_C_Park
2025-11-03 17:15:00,23.111173428585314,71.94991491192398,Zone_C_Park
2025-11-03 17:30:00,24.349043497338545,74.13423025003844,Zone_C_Park
2025-11-03 17:45:00,21.49181797015048,78.90036141109859,Zone_C_Park
2025-11-03 18:00:00,20.923121663878597,71.33663550558795,Zone_C_Park
2025-11-03 18:15:00,21.39260054530905,73.13283144194983,Zone_C_Park
2025-11-03 18:30:00,23.247483043660857,78.46475765835145,Zone_C_Park
2025-11-03 18:45:00,21.510800158365523,79.41772984633353,Zone_C_Park
2025-11-03 19:00:00,20.16790237767852,75.72488611378851,Zone_C_Park
2025-11-03 19:15:00,21.440057115569417,73.6790766700381,Zone_C_Park
2025-11-03 19:30:00,18.815828045785008,80.56934736013264,Zone_C_Park
2025-11-03 19:45:00,21.252884504788415,79.7811240682868,Zone_C_Park
2025-11-03 20:00:00,20.61291096155265,78.15789397552446,Zone_C_Park
2025-11-03 20:15:00,19.316006361213265,75.37524814099574,Zone_C_Park
2025-11-03 20:30:00,18.30707558629427,77.09348246275532,Zone_C_Park
2025-11-03 20:45:00,18.032595356174536,77.05292477227059,Zone_C_Park
2025-11-03 21:00:00,19.973798879772676,78.20728702150272,Zone_C_Park
2025-11-03 21:15:00,20.836111523817685,80.60862618318698,Zone_C_Park
2025-11-03 21:30:00,17.870625018291868,79.61490610732325,Zone_C_Park
2025-11-03 21:45:00,19.361701606117048,75.83853845031965,Zone_C_Park
2025-11-03 22:00:00,15.405357856959142,80.87068435366305,Zone_C_Park
2025-11-03 22:15:00,17.53558243788345,78.85500614954398,Zone_C_Park
2025-11-03 22:30:00,18.2578934706485,79.70009790875847,Zone_C_Park
2025-11-03 22:45:00,16.84775435654683,81.34203018473958,Zone_C_Park
2025-11-03 23:00:00,16.73153713265933,76.25417247561354,Zone_C_Park
2025-11-03 23:15:00,17.07518954368375,78.4591758520387,Zone_C_Park
2025-11-03 23:30:00,18.472509646994318,77.50629239822729,Zone_C_Park
2025-11-03 23:45:00,17.72757077943602,75.45657327292807,Zone_C_Park
2025-11-04 00:00:00,14.642653150012542,79.29341995520983,Zone_C_Park
2025-11-04 00:15:00,14.827514078092985,83.61540522682783,Zone_C_Park
2025-11-04 00:30:00,17.123922787718996,74.88904601193421,Zone_C_Park
2025-11-04 00:45:00,18.763388757467407,78.46626578735268,Zone_C_Park
2025-11-04 01:00:00,14.015039430755873,79.7584188447902,Zone_C_Park
2025-11-04 01:15:00,17.462684217792134,78.65510486949475,Zone_C_Park
2025-11-04 01:30:00,17.51511008517872,78.09971021200916,Zone_C_Park
2025-11-04 01:45:00,20.495015701181917,75.63030914262603,Zone_C_Park
2025-11-04 02:00:00,17.958365667292952,78.5832649395043,Zone_C_Park
2025-11-04 02:15:00,19.248605027901213,76.4797626502573,Zone_C_Park
2025-11-04 02:30:00,19.038472348966256,73.47622861509134,Zone_C_Park
2025-11-04 02:45:00,15.79679105037329,80.09580774795178,Zone_C_Park
2025-11-04 03:00:00,20.323883700201414,79.46235605195565,Zone_C_Park
2025-11-04 03:15:00,19.685711497784155,77.4769668880624,Zone_C_Park
2025-11-04 03:30:00,20.327357243477003,77.6496905208428,Zone_C_Park
2025-11-04 03:45:00,25.667075627576082,79.14868886430169,Zone_C_Park
2025-11-04 04:00:00,16.873830590752117,77.24867931355617,Zone_C_Park
2025-11-04 04:15:00,22.817890213765658,78.40027439431104,Zone_C_Park
2025-11-04 04:30:00,20.03809499143911,75.78269595476662,Zone_C_Park
2025-11-04 04:45:00,21.14523549539187,78.78114955223927,Zone_C_Park
2025-11-04 05:00:00,20.896455451638055,76.57332001423445,Zone_C_Park
2025-11-04 05:15:00,20.58328421183842,76.09042904646981,Zone_C_Park
2025-11-04 05:30:00,20.62314583876166,72.92977211456812,Zone_C_Park
2025-11-04 05:45:00,22.232650586438943,75.80936297383194,Zone_C_Park
2025-11-04 06:00:00,19.72423945499248,73.3360901650111,Zone_C_Park
2025-11-04 06:15:00,23.38748126820322,73.48798328171449,Zone_C_Park
2025-11-04 06:30:00,21.897813161552325,72.89935445137557,Zone_C_Park
2025-11-04 06:45:00,21.085257279503974,72.16520497694349,Zone_C_Park
2025-11-04 07:00:00,22.360256893416363,78.31779424366485,Zone_C_Park
2025-11-04 07:15:00,25.171481686506503,76.50549604888542,Zone_C_Park
2025-11-04 07:30:00,22.727731098936022,77.46307464777419,Zone_C_Park
2025-11-04 07:45:00,24.306835188190437,70.96197067610046,Zone_C_Park
2025-11-04 08:00:00,22.90356558642679,73.34250749982179,Zone_C_Park
2025-11-04 08:15:00,25.359163706963837,70.41293191072124,Zone_C_Park
2025-11-04 08:30:00,25.46330732422019,71.41706910117448,Zone_C_Park
2025-11-04 08:45:00,27.410296510344892,70.7901010988066,Zone_C_Park
2025-11-04 09:00:00,24.565081206497368,74.93358360061156,Zone_C_Park
2025-11-04 09:15:00,26.01034143705277,71.50091733687216,Zone_C_Park
2025-11-04 09:30:00,25.320514670473358,74.28068664233959,Zone_C_Park
2025-11-04 09:45:00,27.2696861220047,73.21495117488787,Zone_C_Park
2025-11-04 10:00:00,24.385853033724658,76.4895860505856,Zone_C_Park
2025-11-04 10:15:00,26.704998935446675,68.81236968420288,Zone_C_Park
2025-11-04 10:30:00,25.403472185870125,74.19250016253297,Zone_C_Park
2025-11-04 10:45:00,25.691438252317674,73.88393327461907,Zone_C_Park
2025-11-04 11:00:00,26.001332031828834,69.57590934930529,Zone_C_Park
2025-11-04 11:15:00,26.301501716252936,73.48343966349469,Zone_C_Park
2025-11-04 11:30:00,25.7914358808123,72.10308842510673,Zone_C_Park
2025-11-04 11:45:00,26.313505467710204,70.95275535643421,Zone_C_Park
2025-11-04 12:00:00,28.367177086343276,69.75212902605601,Zone_C_Park
2025-11-04 12:15:00,27.46961022137724,69.96948897344265,Zone_C_Park
2025-11-04 12:30:00,27.269511334240583,75.53042269062612,Zone_C_Park
2025-11-04 12:45:00,25.239831832577117,71.47053862846334,Zone_C_Park
2025-11-04 13:00:00,24.52984206281379,73.08692702842227,Zone_C_Park
2025-11-04 13:15:00,27.22067135533705,70.00925277048252,Zone_C_Park
2025-11-04 13:30:00,27.00958831883984,70.11432779051609,Zone_C_Park
2025-11-04 13:45:00,27.79649697975723,73.93522774898221,Zone_C_Park
2025-11-04 14:00:00,24.55813067618391,69.18315612327297,Zone_C_Park
2025-11-04 14:15:00,24.98155546616966,71.1762818599003,Zone_C_Park
2025-11-04 14:30:00,22.714187117376788,72.21198279709601,Zone_C_Park
2025-11-04 14:45:00,24.4186525708246,72.51612189675579,Zone_C_Park
2025-11-04 15:00:00,26.323282890615364,72.09622901769612,Zone_C_Park
2025-11-04 15:15:00,23.937640191557982,73.4179946278316,Zone_C_Park
2025-11-04 15:30:00,25.39576540883612,74.19417036720422,Zone_C_Park
2025-11-04 15:45:00,23.936526273081693,74.46922225204808,Zone_C_Park
2025-11-04 16:00:00,24.48608554233234,71.22839238266435,Zone_C_Park
2025-11-04 16:15:00,22.047617676152505,72.839450519354,Zone_C_Park
2025-11-04 16:30:00,23.65854790391121,76.01186536723955,Zone_C_Park
2025-11-04 16:45:00,18.799053904861562,75.63211230005636,Zone_C_Park
2025-11-04 17:00:00,22.754931943167104,71.3225325346688,Zone_C_Park
2025-11-04 17:15:00,20.334651422491802,75.00063464144634,Zone_C_Park
2025-11-04 17:30:00,24.331096543700433,70.57365520925819,Zone_C_Park
2025-11-04 17:45:00,23.427723546067337,74.85841853889222,Zone_C_Park
2025-11-04 18:00:00,22.70000647294912,78.79553403349195,Zone_C_Park
2025-11-04 18:15:00,24.0198968238185,73.33966583069055,Zone_C_Park
2025-11-04 18:30:00,20.054520449882535,73.80124820100903,Zone_C_Park
2025-11-04 18:45:00,23.840683508808826,77.23038472240378,Zone_C_Park
2025-11-04 19:00:00,22.363011165980495,72.84614553194979,Zone_C_Park
2025-11-04 19:15:00,20.359409207958937,74.8916720153213,Zone_C_Park
2025-11-04 19:30:00,22.172696491314056,77.57054263167782,Zone_C_Park
2025-11-04 19:45:00,18.571404970506542,75.3236675894096,Zone_C_Park
2025-11-04 20:00:00,18.76322875770849,76.32806002557805,Zone_C_Park
2025-11-04 20:15:00,18.86483448306204,78.48842425950065,Zone_C_Park
2025-11-04 20:30:00,18.771487721869097,78.03463331150452,Zone_C_Park
2025-11-04 20:45:00,17.777780275459342,77.90728172695104,Zone_C_Park
2025-11-04 21:00:00,21.006197475896798,76.8673398537315,Zone_C_Park
2025-11-04 21:15:00,18.604359169529342,78.44674553746222,Zone_C_Park
2025-11-04 21:30:00,19.35534409137038,77.60860666484893,Zone_C_Park
2025-11-04 21:45:00,17.8185945011693,78.90890182414073,Zone_C_Park
2025-11-04 22:00:00,15.80499343403947,77.12382740338802,Zone_C_Park
2025-11-04 22:15:00,18.81759507145638,77.86360392075859,Zone_C_Park
2025-11-04 22:30:00,15.436099406825187,76.34605073193661,Zone_C_Park
2025-11-04 22:45:00,18.109328412891376,78.33893324616992,Zone_C_Park
2025-11-04 23:00:00,16.083824136594508,76.85533124738296,Zone_C_Park
2025-11-04 23:15:00,21.05777287723329,76.30273410912764,Zone_C_Park
2025-11-04 23:30:00,19.401264637766843,79.0865237966565,Zone_C_Park
2025-11-04 23:45:00,18.167194993952805,79.0177716753743,Zone_C_Park
2025-11-05 00:00:00,19.895560016482,80.16574746989714,Zone_C_Park
2025-11-05 00:15:00,16.73909034084698,77.73004098450878,Zone_C_Park
2025-11-05 00:30:00,18.849439622509898,79.38530719461923,Zone_C_Park
2025-11-05 00:45:00,18.376574528965147,79.63242215399896,Zone_C_Park
2025-11-05 01:00:00,18.53232681684423,79.36688059030384,Zone_C_Park
2025-11-05 01:15:00,20.12080973217973,76.7576411005781,Zone_C_Park
2025-11-05 01:30:00,19.403220024124554,78.62469328158302,Zone_C_Park
2025-11-05 01:45:00,18.84559452810678,78.957022461627,Zone_C_Park
2025-11-05 02:00:00,16.053567230519803,78.13204838743987,Zone_C_Park
2025-11-05 02:15:00,17.234052107870625,73.82033528754698,Zone_C_Park
2025-11-05 02:30:00,18.642523238441473,78.17705127299541,Zone_C_Park
2025-11-05 02:45:00,19.13269933149907,82.1316853857188,Zone_C_Park
2025-11-05 03:00:00,17.476267288242923,76.8255058747576,Zone_C_Park
2025-11-05 03:15:00,22.980131752967353,75.9174907386496,Zone_C_Park
2025-11-05 03:30:00,21.839545366845478,77.93823826385419,Zone_C_Park
2025-11-05 03:45:00,20.680896548510315,77.62480925980371,Zone_C_Park
2025-11-05 04:00:00,20.108055291925616,79.18547033083283,Zone_C_Park
2025-11-05 04:15:00,19.912531784272268,74.07650297297063,Zone_C_Park
2025-11-05 04:30:00,19.04138858050629,77.84042086166431,Zone_C_Park
2025-11-05 04:45:00,20.83046291656565,77.33802619759432,Zone_C_Park
2025-11-05 05:00:00,21.351352629804044,75.64745548848799,Zone_C_Park
2025-11-05 05:15:00,19.35699784871305,76.37969979510144,Zone_C_Park
2025-11-05 05:30:00,21.979159856987142,77.5288092551889,Zone_C_Park
2025-11-05 05:45:00,21.505498909842306,76.98008202528543,Zone_C_Park
2025-11-05 06:00:00,19.138288663183914,72.71396137585255,Zone_C_Park
2025-11-05 06:15:00,20.971035000751318,76.40486510828245,Zone_C_Park
2025-11-05 06:30:00,21.901696468747737,74.40072849794278,Zone_C_Park
2025-11-05 06:45:00,25.611892774074796,74.44342303677297,Zone_C_Park
2025-11-05 07:00:00,23.87010586721072,74.21464541963431,Zone_C_Park
2025-11-05 07:15:00,21.28253550756281,73.54233194731209,Zone_C_Park
2025-11-05 07:30:00,24.259788163586816,76.00575463769981,Zone_C_Park
2025-11-05 07:45:00,21.44819877746846,73.24032479551317,Zone_C_Park
2025-11-05 08:00:00,25.62403658083061,70.96090774323366,Zone_C_Park
2025-11-05 08:15:00,23.51559395435159,72.21288744918996,Zone_C_Park
2025-11-05 08:30:00,24.294591432926126,73.16584828918955,Zone_C_Park
2025-11-05 08:45:00,26.626078231713564,75.08478463423386,Zone_C_Park
2025-11-05 09:00:00,22.897681771869816,73.6606049576261,Zone_C_Park
2025-11-05 09:15:00,22.911681952246422,70.5923061355816,Zone_C_Park
2025-11-05 09:30:00,24.298014371645934,77.11430780830933,Zone_C_Park
2025-11-05 09:45:00,26.883446725739155,72.5362600176668,Zone_C_Park
2025-11-05 10:00:00,23.18508250192249,74.43309002237406,Zone_C_Park
2025-11-05 10:15:00,21.339257568964904,71.46782926332787,Zone_C_Park
2025-11-05 10:30:00,25.01877984243165,72.74075217237026,Zone_C_Park
2025-11-05 10:45:00,26.615331717846804,73.26998854285443,Zone_C_Park
2025-11-05 11:00:00,27.664095929764517,73.95905644886787,Zone_C_Park
2025-11-05 11:15:00,25.228399078484824,73.58390960130482,Zone_C_Park
2025-11-05 11:30:00,25.34863953482124,73.17519249920024,Zone_C_Park
2025-11-05 11:45:00,27.722286794338036,70.77753441395281,Zone_C_Park
2025-11-05 12:00:00,23.19538745045687,70.25650791608788,Zone_C_Park
2025-11-05 12:15:00,25.408654530179902,72.07292289698941,Zone_C_Park
2025-11-05 12:30:00,26.251415280382826,73.29705464373642,Zone_C_Park
2025-11-05 12:45:00,26.596969203540475,71.02373158899516,Zone_C_Park
2025-11-05 13:00:00,25.098993265369952,73.65301095678812,Zone_C_Park
2025-11-05 13:15:00,25.839382035539185,74.49628502478998,Zone_C_Park
2025-11-05 13:30:00,21.963027099925664,69.84139184481252,Zone_C_Park
2025-11-05 13:45:00,24.600118347629984,70.09741672288976,Zone_C_Park
2025-11-05 14:00:00,26.144364683969453,71.60155842856535,Zone_C_Park
2025-11-05 14:15:00,23.85243739782816,72.62193473208923,Zone_C_Park
2025-11-05 14:30:00,25.261889693549335,71.09479394741744,Zone_C_Park
2025-11-05 14:45:00,25.677667981119956,74.99778205080997,Zone_C_Park
2025-11-05 15:00:00,24.314603323459544,73.30254931076534,Zone_C_Park
2025-11-05 15:15:00,24.893078916895135,72.70524916212123,Zone_C_Park
2025-11-05 15:30:00,22.99094686810797,69.93663980783155,Zone_C_Park
2025-11-05 15:45:00,23.91236401253434,70.36831552827441,Zone_C_Park
2025-11-05 16:00:00,24.915324254383833,73.76201850056361,Zone_C_Park
2025-11-05 16:15:00,24.004614202328657,69.14256946290192,Zone_C_Park
2025-11-05 16:30:00,22.650936825114456,75.64761446277382,Zone_C_Park
2025-11-05 16:45:00,23.622082467648838,73.52651023616397,Zone_C_Park
2025-11-05 17:00:00,24.10719086636501,80.55443737682039,Zone_C_Park
2025-11-05 17:15:00,19.705449370198295,78.91350734197415,Zone_C_Park
2025-11-05 17:30:00,24.260715866314055,74.16720756951278,Zone_C_Park
2025-11-05 17:45:00,21.757230408898963,74.55187472970886,Zone_C_Park
2025-11-05 18:00:00,22.638234899860347,76.99116302800405,Zone_C_Park
2025-11-05 18:15:00,23.53425786854727,78.64179648506459,Zone_C_Park
2025-11-05 18:30:00,19.420384685274094,72.19383617712016,Zone_C_Park
2025-11-05 18:45:00,20.15547720829417,72.12957422854869,Zone_C_Park
2025-11-05 19:00:00,20.53190077577636,74.68767895126032,Zone_C_Park
2025-11-05 19:15:00,19.53861185710071,77.32265724143912,Zone_C_Park
2025-11-05 19:30:00,23.071671134294853,77.37140753752952,Zone_C_Park
2025-11-05 19:45:00,18.945687098383804,78.73178219475611,Zone_C_Park
2025-11-05 20:00:00,19.1666798307697,74.40060494326939,Zone_C_Park
2025-11-05 20:15:00,20.084302615326056,72.36776511293282,Zone_C_Park
2025-11-05 20:30:00,17.761729994850985,78.90756953503569,Zone_C_Park
2025-11-05 20:45:00,18.769095671965328,75.71725238842977,Zone_C_Park
2025-11-05 21:00:00,19.647752767129074,73.50860868349429,Zone_C_Park
2025-11-05 21:15:00,18.493350163510325,77.99675079884308,Zone_C_Park
2025-11-05 21:30:00,18.68650635048514,79.4424234014858,Zone_C_Park
2025-11-05 21:45:00,17.880123382117265,77.7491763400466,Zone_C_Park
2025-11-05 22:00:00,16.264192921091094,77.201994681259,Zone_C_Park
2025-11-05 22:15:00,18.894898850878107,77.91001740522586,Zone_C_Park
2025-11-05 22:30:00,20.936881477425715,77.58480079223908,Zone_C_Park
2025-11-05 22:45:00,18.239881928194738,75.71285424230204,Zone_C_Park
2025-11-05 23:00:00,18.47419287071505,77.04797162065978,Zone_C_Park
2025-11-05 23:15:00,19.115943011062367,79.57338681947925,Zone_C_Park
2025-11-05 23:30:00,16.130224809684712,79.21255858369872,Zone_C_Park
2025-11-05 23:45:00,20.562336294239994,78.92841173559262,Zone_C_Park
2025-11-06 00:00:00,18.303493194634203,76.60970303629324,Zone_C_Park
2025-11-06 00:15:00,20.456349655679247,78.22928579938764,Zone_C_Park
2025-11-06 00:30:00,16.934671061218776,74.21507140806001,Zone_C_Park
2025-11-06 00:45:00,20.803951762223814,78.88778033722241,Zone_C_Park
2025-11-06 01:00:00,19.2990299358959,81.33504839026779,Zone_C_Park
2025-11-06 01:15:00,19.041839610798117,75.46068420209816,Zone_C_Park
2025-11-06 01:30:00,18.655518551484572,77.15411097040513,Zone_C_Park
2025-11-06 01:45:00,18.03971610675757,78.88695542693793,Zone_C_Park
2025-11-06 02:00:00,20.336695872573056,80.62337672247894,Zone_C_Park
2025-11-06 02:15:00,18.884661355561892,77.09684137168885,Zone_C_Park
2025-11-06 02:30:00,15.875982083454332,76.47157136651666,Zone_C_Park
2025-11-06 02:45:00,17.316861077523587,73.76877702209215,Zone_C_Park
2025-11-06 03:00:00,18.892804246964687,77.75246067088779,Zone_C_Park
2025-11-06 03:15:00,19.827615214348054,81.45779701464772,Zone_C_Park
2025-11-06 03:30:00,19.480071550615275,77.74625806836075,Zone_C_Park
2025-11-06 03:45:00,21.606175252612086,76.95549488050315,Zone_C_Park
2025-11-06 04:00:00,17.073347203942063,77.44416462153397,Zone_C_Park
2025-11-06 04:15:00,20.446227143881735,76.5700552768912,Zone_C_Park
2025-11-06 04:30:00,17.74229743245891,74.75163161199407,Zone_C_Park
2025-11-06 04:45:00,21.853810582013608,77.80374190644679,Zone_C_Park
2025-11-06 05:00:00,20.823035747926912,76.3832716085926,Zone_C_Park
2025-11-06 05:15:00,21.849053669971667,75.73755166312539,Zone_C_Park
2025-11-06 05:30:00,20.182070790235148,73.5191622374357,Zone_C_Park
2025-11-06 05:45:00,23.657584880566056,77.84246712909804,Zone_C_Park
2025-11-06 06:00:00,23.562586996088278,76.32940549066622,Zone_C_Park
2025-11-06 06:15:00,23.136928971438405,73.65870706003687,Zone_C_Park
2025-11-06 06:30:00,22.327828898585043,76.53375541537169,Zone_C_Park
2025-11-06 06:45:00,23.65014721600721,73.30253316397152,Zone_C_Park
2025-11-06 07:00:00,21.97493732842906,72.50424445260884,Zone_C_Park
2025-11-06 07:15:00,24.56909134974371,72.32341168994805,Zone_C_Park
2025-11-06 07:30:00,26.004955070946238,70.08020253730949,Zone_C_Park
2025-11-06 07:45:00,25.375070600844786,74.35084547604801,Zone_C_Park
2025-11-06 08:00:00,22.905596295288888,69.5377102433233,Zone_C_Park
2025-11-06 08:15:00,24.764406907988064,70.5430594985979,Zone_C_Park
2025-11-06 08:30:00,22.49533340039691,68.65728283741154,Zone_C_Park
2025-11-06 08:45:00,25.495968727163792,72.45421568005797,Zone_C_Park
2025-11-06 09:00:00,25.50433224404,72.15377466718469,Zone_C_Park
2025-11-06 09:15:00,22.202634720617663,71.63998426670295,Zone_C_Park
2025-11-06 09:30:00,23.430737595296392,70.0587725856104,Zone_C_Park
2025-11-06 09:45:00,24.90117010409453,69.66224188883756,Zone_C_Park
2025-11-06 10:00:00,25.012811994426514,72.81104827346917,Zone_C_Park
2025-11-06 10:15:00,23.773275563002546,70.67015426706534,Zone_C_Park
2025-11-06 10:30:00,26.278986224073424,72.30675032603165,Zone_C_Park
2025-11-06 10:45:00,26.16493093139119,69.82055416156918,Zone_C_Park
2025-11-06 11:00:00,25.572299607188494,71.88479251090152,Zone_C_Park
2025-11-06 11:15:00,24.78945387137538,74.0757290651805,Zone_C_Park
2025-11-06 11:30:00,27.538840135120086,72.60313009983985,Zone_C_Park
2025-11-06 11:45:00,28.474546362586857,70.58288023990806,Zone_C_Park
2025-11-06 12:00:00,25.274657774230196,71.91439794071186,Zone_C_Park
2025-11-06 12:15:00,25.073185317222183,70.9263775272806,Zone_C_Park
2025-11-06 12:30:00,26.702590943613234,71.44655886844373,Zone_C_Park
2025-11-06 12:45:00,25.386097051992444,70.81795088625137,Zone_C_Park
2025-11-06 13:00:00,25.654607504161422,71.19399661358857,Zone_C_Park
2025-11-06 13:15:00,26.89720024556743,72.01523823996597,Zone_C_Park
2025-11-06 13:30:00,22.831483998784208,69.68731628379545,Zone_C_Park
2025-11-06 13:45:00,27.56494445340976,69.73950047650237,Zone_C_Park
2025-11-06 14:00:00,25.573122401631764,69.10522343871361,Zone_C_Park
2025-11-06 14:15:00,24.70863873236691,68.80616718670342,Zone_C_Park
2025-11-06 14:30:00,25.039562129832767,69.7093625905106,Zone_C_Park
2025-11-06 14:45:00,24.951003262446687,72.61230170668395,Zone_C_Park
2025-11-06 15:00:00,22.231625169578805,70.66884055674467,Zone_C_Park
2025-11-06 15:15:00,26.87979060158013,73.65358399410195,Zone_C_Park
2025-11-06 15:30:00,24.497034164440812,72.87788635307372,Zone_C_Park
2025-11-06 15:45:00,24.886784127749472,69.06293873425332,Zone_C_Park
2025-11-06 16:00:00,25.427324655861064,74.50995116844338,Zone_C_Park
2025-11-06 16:15:00,22.237411074535554,75.02935800639501,Zone_C_Park
2025-11-06 16:30:00,24.2409415780132,71.63461429381597,Zone_C_Park
2025-11-06 16:45:00,22.884296224864457,74.6832010106986,Zone_C_Park
2025-11-06 17:00:00,24.305432343234823,72.35525496281252,Zone_C_Park
2025-11-06 17:15:00,19.58952015753727,74.4930155942386,Zone_C_Park
2025-11-06 17:30:00,22.373463318518304,72.00110889409788,Zone_C_Park
2025-11-06 17:45:00,21.35738153324463,71.17833582970232,Zone_C_Park
2025-11-06 18:00:00,22.648394425951235,74.23436562077406,Zone_C_Park
2025-11-06 18:15:00,22.443453764131732,74.98799337267884,Zone_C_Park
2025-11-06 18:30:00,20.416456388886754,74.67453490476298,Zone_C_Park
2025-11-06 18:45:00,20.15137791567142,73.33426404281295,Zone_C_Park
2025-11-06 19:00:00,20.798725766753922,75.13195043810681,Zone_C_Park
2025-11-06 19:15:00,19.369278797814545,76.69577158025285,Zone_C_Park
2025-11-06 19:30:00,21.73224181371783,76.28787429626925,Zone_C_Park
2025-11-06 19:45:00,19.677034438452825,76.95724134598683,Zone_C_Park
2025-11-06 20:00:00,15.639517671017538,75.45976959909153,Zone_C_Park
2025-11-06 20:15:00,19.21548598298888,79.3434886683029,Zone_C_Park
2025-11-06 20:30:00,18.00713855269916,74.83919447132183,Zone_C_Park
2025-11-06 20:45:00,16.915703016408305,78.34876552853368,Zone_C_Park
2025-11-06 21:00:00,17.315432917919953,79.90936659819148,Zone_C_Park
2025-11-06 21:15:00,19.156753477833547,78.66843949242211,Zone_C_Park
2025-11-06 21:30:00,20.819547881207406,77.45102357091879,Zone_C_Park
2025-11-06 21:45:00,19.14389826158729,76.9366965109632,Zone_C_Park
2025-11-06 22:00:00,17.626143302538637,80.1898667557165,Zone_C_Park
2025-11-06 22:15:00,19.096365326625303,75.38279201899434,Zone_C_Park
2025-11-06 22:30:00,17.615846404626364,76.38571779628136,Zone_C_Park
2025-11-06 22:45:00,17.17037892827486,77.61383293519894,Zone_C_Park
2025-11-06 23:00:00,16.40475269249425,80.95264048966465,Zone_C_Park
2025-11-06 23:15:00,15.4491156682595,79.29036228153342,Zone_C_Park
2025-11-06 23:30:00,17.44933499466559,76.63310998392524,Zone_C_Park
2025-11-06 23:45:00,18.245644541925785,77.97167671288918,Zone_C_Park
2025-11-07 00:00:00,17.855064494977665,77.3713537118074,Zone_C_Park
2025-11-07 00:15:00,17.384613915124547,77.17271413919191,Zone_C_Park
2025-11-07 00:30:00,16.615601463459587,80.52698061805928,Zone_C_Park
2025-11-07 00:45:00,18.989228165914533,75.78734075092461,Zone_C_Park
2025-11-07 01:00:00,16.160598814923848,81.6948946861094,Zone_C_Park
2025-11-07 01:15:00,19.376321352784792,80.06540784655162,Zone_C_Park
2025-11-07 01:30:00,16.801156341564766,80.50768965824804,Zone_C_Park
2025-11-07 01:45:00,17.28385617783969,77.30286284546716,Zone_C_Park
2025-11-07 02:00:00,16.33572059893873,77.81781001546575,Zone_C_Park
2025-11-07 02:15:00,17.922018330461366,75.12698697523973,Zone_C_Park
2025-11-07 02:30:00,20.28955532655203,76.80674721091484,Zone_C_Park
2025-11-07 02:45:00,19.766082902750025,78.69393300221061,Zone_C_Park
2025-11-07 03:00:00,20.63920604329586,80.13771053583436,Zone_C_Park
2025-11-07 03:15:00,20.145830558500627,75.15933130075534,Zone_C_Park
2025-11-07 03:30:00,17.909449541169565,76.46052927046087,Zone_C_Park
2025-11-07 03:45:00,19.281535231430254,76.69745439840553,Zone_C_Park
2025-11-07 04:00:00,18.829701306323805,74.00842159561503,Zone_C_Park
2025-11-07 04:15:00,22.226707595182553,77.77493776830521,Zone_C_Park
2025-11-07 04:30:00,18.674083300900175,74.9296796930291,Zone_C_Park
2025-11-07 04:45:00,22.054788672871023,75.76640137273733,Zone_C_Park
2025-11-07 05:00:00,22.30415462475307,75.02784981854532,Zone_C_Park
2025-11-07 05:15:00,23.96406901450962,74.12364814781871,Zone_C_Park
2025-11-07 05:30:00,20.86336534217555,75.45580432103108,Zone_C_Park
2025-11-07 05:45:00,22.806870722449673,74.80423210809248,Zone_C_Park
2025-11-07 06:00:00,25.422477754808263,74.25628423544266,Zone_C_Park
2025-11-07 06:15:00,21.335150001520027,73.30762549141079,Zone_C_Park
2025-11-07 06:30:00,20.219544397581664,75.16915504957372,Zone_C_Park
2025-11-07 06:45:00,19.960346237202867,77.6049093777265,Zone_C_Park
2025-11-07 07:00:00,24.10434422370208,74.34802590330918,Zone_C_Park
2025-11-07 07:15:00,20.46103254912477,75.83505435473087,Zone_C_Park
2025-11-07 07:30:00,22.972255150053474,70.84189579317875,Zone_C_Park
2025-11-07 07:45:00,24.425124541434446,73.72328359379914,Zone_C_Park
2025-11-07 08:00:00,24.27776330524487,71.00526336205787,Zone_C_Park
2025-11-07 08:15:00,24.860448228354667,70.04609730606562,Zone_C_Park
2025-11-07 08:30:00,24.768480499736164,71.32971604065052,Zone_C_Park
2025-11-07 08:45:00,26.555681980370366,75.0101537344669,Zone_C_Park
2025-11-07 09:00:00,23.399952553637995,74.35444724506773,Zone_C_Park
2025-11-07 09:15:00,23.99186652222811,72.77938613718449,Zone_C_Park
2025-11-07 09:30:00,24.014424193258705,69.07852685517169,Zone_C_Park
2025-11-07 09:45:00,26.571166167004094,71.61414809293497,Zone_C_Park
2025-11-07 10:00:00,26.81469949773035,72.48570856417949,Zone_C_Park
2025-11-07 10:15:00,26.264328945108517,72.12233058963952,Zone_C_Park
2025-11-07 10:30:00,27.47075863038004,67.98644651599787,Zone_C_Park
2025-11-07 10:45:00,24.02065921691585,69.81041583777788,Zone_C_Park
2025-11-07 11:00:00,28.36453947248298,71.39451149706193,Zone_C_Park
2025-11-07 11:15:00,28.207999054181307,72.54175480958276,Zone_C_Park
2025-11-07 11:30:00,27.06921244136386,67.03854285685438,Zone_C_Park
2025-11-07 11:45:00,28.664134056111003,71.0834599253813,Zone_C_Park
2025-11-07 12:00:00,23.51506518848334,71.68609753975791,Zone_C_Park
2025-11-07 12:15:00,25.204763488560438,73.10693185337345,Zone_C_Park
2025-11-07 12:30:00,24.86282425447231,72.81651366752915,Zone_C_Park
2025-11-07 12:45:00,27.005360107248936,72.63431562816598,Zone_C_Park
2025-11-07 13:00:00,24.288492195753058,69.92278601195548,Zone_C_Park
2025-11-07 13:15:00,26.923963241986648,67.77504725957101,Zone_C_Park
2025-11-07 13:30:00,27.75132234604022,70.88792816883657,Zone_C_Park
2025-11-07 13:45:00,26.630295316256753,73.77452178089945,Zone_C_Park
2025-11-07 14:00:00,25.889728150630006,74.66921760142489,Zone_C_Park
2025-11-07 14:15:00,23.844068437859057,73.42780760030641,Zone_C_Park
2025-11-07 14:30:00,23.903136911976894,73.00260962055502,Zone_C_Park
2025-11-07 14:45:00,26.88178758786091,73.05265598984762,Zone_C_Park
2025-11-07 15:00:00,25.99745063060419,71.34217809420687,Zone_C_Park
2025-11-07 15:15:00,24.57885398133396,72.36623447853252,Zone_C_Park
2025-11-07 15:30:00,23.80818139738605,76.14659790722126,Zone_C_Park
2025-11-07 15:45:00,21.183569122411342,71.11483114954568,Zone_C_Park
2025-11-07 16:00:00,22.393721371973342,76.4295575814197,Zone_C_Park
2025-11-07 16:15:00,26.636283391585593,72.76370440622748,Zone_C_Park
2025-11-07 16:30:00,21.610050372956657,76.27320386167582,Zone_C_Park
2025-11-07 16:45:00,23.569977593044268,71.02918790591355,Zone_C_Park
2025-11-07 17:00:00,24.54644214020288,75.24005983996022,Zone_C_Park
2025-11-07 17:15:00,20.897977286061074,72.82413456884669,Zone_C_Park
2025-11-07 17:30:00,22.79917048105183,71.69957132415944,Zone_C_Park
2025-11-07 17:45:00,23.668485823186554,75.20161681959337,Zone_C_Park
2025-11-07 18:00:00,22.018748982860874,77.01894357719193,Zone_C_Park
2025-11-07 18:15:00,26.04099206657958,73.54556838804153,Zone_C_Park
2025-11-07 18:30:00,18.9749963428025,72.47186237107539,Zone_C_Park
2025-11-07 18:45:00,22.807731506761307,75.51863563058815,Zone_C_Park
2025-11-07 19:00:00,20.70552121349522,75.75687790481471,Zone_C_Park
2025-11-07 19:15:00,21.87212237104237,77.25382133020038,Zone_C_Park
2025-11-07 19:30:00,21.13122699808851,78.2768494992433,Zone_C_Park
2025-11-07 19:45:00,19.131110943459,76.47340892224342,Zone_C_Park
2025-11-07 20:00:00,20.343494588689012,80.51100662958852,Zone_C_Park
2025-11-07 20:15:00,16.99086689082416,77.44852232794116,Zone_C_Park
2025-11-07 20:30:00,20.46982553482221,76.4986881324176,Zone_C_Park
2025-11-07 20:45:00,19.80985443858551,74.15051021615459,Zone_C_Park
2025-11-07 21:00:00,20.129563128218464,77.02026537163923,Zone_C_Park
2025-11-07 21:15:00,20.579818257714816,77.03384941610204,Zone_C_Park
2025-11-07 21:30:00,19.378016399149626,79.77668161761139,Zone_C_Park
2025-11-07 21:45:00,18.896255680487236,78.91825785242287,Zone_C_Park
2025-11-07 22:00:00,17.214295879870306,75.75895321035874,Zone_C_Park
2025-11-07 22:15:00,17.344177888395674,78.57325064233976,Zone_C_Park
2025-11-07 22:30:00,20.084583800220848,79.66902866049874,Zone_C_Park
2025-11-07 22:45:00,20.366782590578545,81.46501118495804,Zone_C_Park
2025-11-07 23:00:00,17.779131040375646,80.25234090946877,Zone_C_Park
2025-11-07 23:15:00,18.14586299926699,80.05252031807458,Zone_C_Park
2025-11-07 23:30:00,16.677298992014112,78.68937349017605,Zone_C_Park
2025-11-07 23:45:00,19.767699574946754,79.36891613450588,Zone_C_Park
2025-11-08 00:00:00,18.998125235537668,81.09900980141231,Zone_C_Park
2025-11-08 00:15:00,20.92039046174121,75.92673732869967,Zone_C_Park
2025-11-08 00:30:00,16.71673593873515,77.87032284651181,Zone_C_Park
2025-11-08 00:45:00,17.509847029859753,76.98568951193914,Zone_C_Park
2025-11-08 01:00:00,18.483465578632085,79.23563921209289,Zone_C_Park
2025-11-08 01:15:00,19.182013788608234,80.86939281748396,Zone_C_Park
2025-11-08 01:30:00,17.980980413633404,77.1320177435985,Zone_C_Park
2025-11-08 01:45:00,17.103067398188696,73.4481331345788,Zone_C_Park
2025-11-08 02:00:00,19.858009678247605,77.29324996357504,Zone_C_Park
2025-11-08 02:15:00,19.755824594608193,79.82023806832397,Zone_C_Park
2025-11-08 02:30:00,17.45217548798947,78.93133183094821,Zone_C_Park
2025-11-08 02:45:00,21.025804971742335,78.56299580254547,Zone_C_Park
2025-11-08 03:00:00,20.926870939048715,76.98559780852261,Zone_C_Park
2025-11-08 03:15:00,19.564061485471413,74.81558346192067,Zone_C_Park
2025-11-08 03:30:00,19.684351077529172,78.22212978768033,Zone_C_Park
2025-11-08 03:45:00,20.608805724595452,75.33148921880132,Zone_C_Park
2025-11-08 04:00:00,18.70744539461561,81.16819346676091,Zone_C_Park
2025-11-08 04:15:00,20.275892457870118,77.73325370149743,Zone_C_Park
2025-11-08 04:30:00,17.240690953625872,75.21636375140642,Zone_C_Park
2025-11-08 04:45:00,22.02892560704176,74.93441158031413,Zone_C_Park
2025-11-08 05:00:00,18.62248398592713,75.7458601491419,Zone_C_Park
2025-11-08 05:15:00,23.474768454578985,75.22332131521456,Zone_C_Park
2025-11-08 05:30:00,20.98271509017012,77.7035618430521,Zone_C_Park
2025-11-08 05:45:00,21.420887010182664,75.60828360471662,Zone_C_Park
2025-11-08 06:00:00,21.05839914087324,73.53673652218295,Zone_C_Park
2025-11-08 06:15:00,21.829554206037457,78.54543010508304,Zone_C_Park
2025-11-08 06:30:00,24.64990178660226,74.62872237104826,Zone_C_Park
2025-11-08 06:45:00,19.048648303261892,75.83535419267973,Zone_C_Park
2025-11-08 07:00:00,24.950724259542366,72.8517984227414,Zone_C_Park
2025-11-08 07:15:00,23.792793082865206,74.56904918039766,Zone_C_Park
2025-11-08 07:30:00,21.720201257674535,74.24455962577207,Zone_C_Park
2025-11-08 07:45:00,22.15618617130215,69.62846213101929,Zone_C_Park
2025-11-08 08:00:00,26.514589540812306,77.23055022092129,Zone_C_Park
2025-11-08 08:15:00,22.80402061216431,75.58123608297453,Zone_C_Park
2025-11-08 08:30:00,22.705019950140944,72.01406822327662,Zone_C_Park
2025-11-08 08:45:00,26.34335507394737,70.42181558472805,Zone_C_Park
2025-11-08 09:00:00,25.336256439175063,73.14953881533553,Zone_C_Park
2025-11-08 09:15:00,23.600470865111312,72.46677209190447,Zone_C_Park
2025-11-08 09:30:00,25.498350824271867,72.85526587207801,Zone_C_Park
2025-11-08 09:45:00,23.787249423749763,72.38986418809903,Zone_C_Park
2025-11-08 10:00:00,27.115333712771662,72.89479052498788,Zone_C_Park
2025-11-08 10:15:00,27.179547413440456,74.66586952926593,Zone_C_Park
2025-11-08 10:30:00,26.493527428278064,72.81024009321665,Zone_C_Park
2025-11-08 10:45:00,26.330212109850947,69.49174053599774,Zone_C_Park
2025-11-08 11:00:00,28.505485492457336,74.24779273078425,Zone_C_Park
2025-11-08 11:15:00,25.92267061269526,74.75040211752494,Zone_C_Park
2025-11-08 11:30:00,24.19296825736404,77.73491196807845,Zone_C_Park
2025-11-08 11:45:00,26.665646562202873,69.16071980986183,Zone_C_Park
2025-11-08 12:00:00,29.129070574305672,71.88576402630055,Zone_C_Park
2025-11-08 12:15:00,24.469296453175637,67.24351046996304,Zone_C_Park
2025-11-08 12:30:00,25.423585295454263,72.53709681181269,Zone_C_Park
2025-11-08 12:45:00,26.5478101787651,70.37277239421482,Zone_C_Park
2025-11-08 13:00:00,25.782846031647665,75.36955861500925,Zone_C_Park
2025-11-08 13:15:00,24.31426514741445,70.04182159378045,Zone_C_Park
2025-11-08 13:30:00,27.378304914390853,68.29566760702484,Zone_C_Park
2025-11-08 13:45:00,29.067552049156646,70.82873064907729,Zone_C_Park
2025-11-08 14:00:00,25.758298803673615,67.93133300394175,Zone_C_Park
2025-11-08 14:15:00,23.96977601460618,73.50890830472547,Zone_C_Park
2025-11-08 14:30:00,22.84997257358473,68.01376188243891,Zone_C_Park
2025-11-08 14:45:00,25.39432320174768,72.35029185544201,Zone_C_Park
2025-11-08 15:00:00,26.48424313972058,68.29879194801605,Zone_C_Park
2025-11-08 15:15:00,25.35013488014335,71.98575945656647,Zone_C_Park
2025-11-08 15:30:00,24.431439954656604,76.09521516717767,Zone_C_Park
2025-11-08 15:45:00,23.33837345439445,73.72124294400102,Zone_C_Park
2025-11-08 16:00:00,22.361754550922864,71.47301279007013,Zone_C_Park
2025-11-08 16:15:00,25.02128175036333,73.34535373733343,Zone_C_Park
2025-11-08 16:30:00,24.901391161538736,73.65837338757457,Zone_C_Park
2025-11-08 16:45:00,20.96716318117655,74.78807861659543,Zone_C_Park
2025-11-08 17:00:00,25.42003464768111,71.33453471106927,Zone_C_Park
2025-11-08 17:15:00,23.641468119405513,75.48280938843659,Zone_C_Park
2025-11-08 17:30:00,24.6214967365989,69.12132244480226,Zone_C_Park
2025-11-08 17:45:00,20.2484208941929,73.50477963004386,Zone_C_Park
2025-11-08 18:00:00,19.951263766876842,74.0234523150969,Zone_C_Park
2025-11-08 18:15:00,21.51493351842848,76.502104917371,Zone_C_Park
2025-11-08 18:30:00,22.232071871462583,75.51515599734593,Zone_C_Park
2025-11-08 18:45:00,23.914179946325934,72.8911990515455,Zone_C_Park
2025-11-08 19:00:00,22.023842190312614,73.96176231073505,Zone_C_Park
2025-11-08 19:15:00,20.350220223569305,76.5545420941862,Zone_C_Park
2025-11-08 19:30:00,18.929712459040804,76.21952567278521,Zone_C_Park
2025-11-08 19:45:00,22.075846098202717,75.4339910655169,Zone_C_Park
2025-11-08 20:00:00,18.552941861373927,75.83833242097604,Zone_C_Park
2025-11-08 20:15:00,22.220421900080073,78.39238883318914,Zone_C_Park
2025-11-08 20:30:00,19.138377309555356,76.15615599869297,Zone_C_Park
2025-11-08 20:45:00,21.748489848526496,77.1974624463021,Zone_C_Park
2025-11-08 21:00:00,20.18996981034273,81.88545758843266,Zone_C_Park
2025-11-08 21:15:00,18.787147535920404,74.85925803315646,Zone_C_Park
2025-11-08 21:30:00,18.04749208109587,74.15238656189914,Zone_C_Park
2025-11-08 21:45:00,18.162759734770702,79.56046993388637,Zone_C_Park
2025-11-08 22:00:00,19.178373423425104,76.76040533103577,Zone_C_Park
2025-11-08 22:15:00,18.528243778195822,77.59226681403244,Zone_C_Park
2025-11-08 22:30:00,17.413764757851794,76.76365356077841,Zone_C_Park
2025-11-08 22:45:00,17.96383236654313,77.88934818464736,Zone_C_Park
2025-11-08 23:00:00,18.25416223942245,81.67440919883333,Zone_C_Park
2025-11-08 23:15:00,14.88375773676486,80.13508392668787,Zone_C_Park
2025-11-08 23:30:00,18.721472726687807,80.29364852471967,Zone_C_Park
2025-11-08 23:45:00,16.538982469970374,75.75983801207369,Zone_C_Park
2025-11-02 00:00:00,20.273269395170697,42.154727050213324,Zone_D_Parking
2025-11-02 00:15:00,17.762792778385823,40.72983464672751,Zone_D_Parking
2025-11-02 00:30:00,20.871480154637766,43.76253866002636,Zone_D_Parking
2025-11-02 00:45:00,23.627201975546182,39.91647469324975,Zone_D_Parking
2025-11-02 01:00:00,23.116161510731875,42.70609343214882,Zone_D_Parking
2025-11-02 01:15:00,22.198428810620758,40.60409498699155,Zone_D_Parking
2025-11-02 01:30:00,22.727754249310053,39.32657566570905,Zone_D_Parking
2025-11-02 01:45:00,21.99794427081001,41.566297063831655,Zone_D_Parking
2025-11-02 02:00:00,23.64688428575829,41.01542466007462,Zone_D_Parking
2025-11-02 02:15:00,24.834121296195473,40.702763192349124,Zone_D_Parking
2025-11-02 02:30:00,21.64263641597194,39.92267688585981,Zone_D_Parking
2025-11-02 02:45:00,24.93107345696625,39.435252681440204,Zone_D_Parking
2025-11-02 03:00:00,26.327584494566526,44.01938467286016,Zone_D_Parking
2025-11-02 03:15:00,24.783891415554255,41.324588180992755,Zone_D_Parking
2025-11-02 03:30:00,26.963436628093667,40.09822236402335,Zone_D_Parking
2025-11-02 03:45:00,30.666279336512808,38.557019714524394,Zone_D_Parking
2025-11-02 04:00:00,26.843485810519663,40.01431440119334,Zone_D_Parking
2025-11-02 04:15:00,28.167073672817974,38.68972169409691,Zone_D_Parking
2025-11-02 04:30:00,27.066080050857014,37.34851009973861,Zone_D_Parking
2025-11-02 04:45:00,29.05748209087146,36.32150814128714,Zone_D_Parking
2025-11-02 05:00:00,30.10221698644825,36.39107959528975,Zone_D_Parking
2025-11-02 05:15:00,30.341360290243923,29.829690460340657,Zone_D_Parking
2025-11-02 05:30:00,29.1651950982362,36.20435883191559,Zone_D_Parking
2025-11-02 05:45:00,31.655511364686745,34.41546661516014,Zone_D_Parking
2025-11-02 06:00:00,34.193293908076456,38.185339996565766,Zone_D_Parking
2025-11-02 06:15:00,33.32698493907322,34.64626936624265,Zone_D_Parking
2025-11-02 06:30:00,34.74824270580827,31.838916007609765,Zone_D_Parking
2025-11-02 06:45:00,33.59538526514234,33.729697759646996,Zone_D_Parking
2025-11-02 07:00:00,35.71304081016077,31.354843559259866,Zone_D_Parking
2025-11-02 07:15:00,35.63329641035641,34.018178039605964,Zone_D_Parking
2025-11-02 07:30:00,34.40046822912005,33.28579413448843,Zone_D_Parking
2025-11-02 07:45:00,36.900668409388324,34.261947120902526,Zone_D_Parking
2025-11-02 08:00:00,35.51245500483954,30.41823641661087,Zone_D_Parking
2025-11-02 08:15:00,36.60638191786883,31.73459479433868,Zone_D_Parking
2025-11-02 08:30:00,38.371606751025766,28.617387835094405,Zone_D_Parking
2025-11-02 08:45:00,39.03932456107088,32.44691467324902,Zone_D_Parking
2025-11-02 09:00:00,37.28721911424978,31.79510167376096,Zone_D_Parking
2025-11-02 09:15:00,41.099376731564085,31.480571197181277,Zone_D_Parking
2025-11-02 09:30:00,40.79154282036306,30.24311802096647,Zone_D_Parking
2025-11-02 09:45:00,39.25760346960912,30.840728107762313,Zone_D_Parking
2025-11-02 10:00:00,38.35387684317062,33.01252579391056,Zone_D_Parking
2025-11-02 10:15:00,40.751370546704734,29.048575036719843,Zone_D_Parking
2025-11-02 10:30:00,40.56987975432113,29.734013172352448,Zone_D_Parking
2025-11-02 10:45:00,41.63901198053058,27.146166624666545,Zone_D_Parking
2025-11-02 11:00:00,41.11458327115733,27.467923119068924,Zone_D_Parking
2025-11-02 11:15:00,38.796667512914794,29.310914903767234,Zone_D_Parking
2025-11-02 11:30:00,41.33192820628636,31.25919792516095,Zone_D_Parking
2025-11-02 11:45:00,41.52016056578356,28.500284812065235,Zone_D_Parking
2025-11-02 12:00:00,42.950491537161085,28.52816694137575,Zone_D_Parking
2025-11-02 12:15:00,40.93128972046946,28.19907597155963,Zone_D_Parking
2025-11-02 12:30:00,44.43246062379695,27.98181749006849,Zone_D_Parking
2025-11-02 12:45:00,38.94039197805467,29.70523122899826,Zone_D_Parking
2025-11-02 13:00:00,43.62600950959462,26.2099297519083,Zone_D_Parking
2025-11-02 13:15:00,41.1328228386339,31.88029837636282,Zone_D_Parking
2025-11-02 13:30:00,42.5281726336282,28.12587820867336,Zone_D_Parking
2025-11-02 13:45:00,41.08842964141498,31.06257052168015,Zone_D_Parking
2025-11-02 14:00:00,42.36958734188259,27.263850382505616,Zone_D_Parking
2025-11-02 14:15:00,39.733653176196235,31.348862587277168,Zone_D_Parking
2025-11-02 14:30:00,38.28560276514563,31.58376917388158,Zone_D_Parking
2025-11-02 14:45:00,41.649154505696366,31.257365299137927,Zone_D_Parking
2025-11-02 15:00:00,38.90084684304227,28.768502269281132,Zone_D_Parking
2025-11-02 15:15:00,38.925795861437,31.54302148859574,Zone_D_Parking
2025-11-02 15:30:00,39.9397421611544,28.9813190564789,Zone_D_Parking
2025-11-02 15:45:00,36.00776946705437,31.161052091690014,Zone_D_Parking
2025-11-02 16:00:00,37.893236346458885,34.058826201910655,Zone_D_Parking
2025-11-02 16:15:00,35.53804476749568,33.939671712827476,Zone_D_Parking
2025-11-02 16:30:00,35.628580290184345,32.73426529089033,Zone_D_Parking
2025-11-02 16:45:00,35.32281310110805,31.121750056335344,Zone_D_Parking
2025-11-02 17:00:00,32.33785765885481,34.73826115373326,Zone_D_Parking
2025-11-02 17:15:00,32.782647655930624,33.86822054329928,Zone_D_Parking
2025-11-02 17:30:00,35.33187126082023,29.576211650218845,Zone_D_Parking
2025-11-02 17:45:00,33.98331807517862,36.17284087725218,Zone_D_Parking
2025-11-02 18:00:00,31.90604063400915,34.951534332260614,Zone_D_Parking
2025-11-02 18:15:00,31.71065389546791,37.797321271347,Zone_D_Parking
2025-11-02 18:30:00,30.253374319344797,33.5926161156347,Zone_D_Parking
2025-11-02 18:45:00,32.083971858580696,29.817134305704766,Zone_D_Parking
2025-11-02 19:00:00,29.111280682283546,37.1110819873055,Zone_D_Parking
2025-11-02 19:15:00,29.133368485170656,37.511764145182916,Zone_D_Parking
2025-11-02 19:30:00,29.8922108925622,33.91475733897764,Zone_D_Parking
2025-11-02 19:45:00,26.411055870541126,35.6967330495808,Zone_D_Parking
2025-11-02 20:00:00,29.338183776745346,43.51043548743981,Zone_D_Parking
2025-11-02 20:15:00,24.148605555188915,37.72220016981,Zone_D_Parking
2025-11-02 20:30:00,28.35684890658199,40.114486526804754,Zone_D_Parking
2025-11-02 20:45:00,24.84752847307135,37.65475523586365,Zone_D_Parking
2025-11-02 21:00:00,24.564884066396605,35.06203488941297,Zone_D_Parking
2025-11-02 21:15:00,21.646586668435813,39.17052235128205,Zone_D_Parking
2025-11-02 21:30:00,23.384274521021112,39.228910921175206,Zone_D_Parking
2025-11-02 21:45:00,22.125594080434222,39.18906119647853,Zone_D_Parking
2025-11-02 22:00:00,22.428276444095406,39.96687075169385,Zone_D_Parking
2025-11-02 22:15:00,22.8253061359898,40.909772992487405,Zone_D_Parking
2025-11-02 22:30:00,24.19789209659649,40.24304329256011,Zone_D_Parking
2025-11-02 22:45:00,22.842103732149884,38.153568441075905,Zone_D_Parking
2025-11-02 23:00:00,22.80225671721099,41.76792454085829,Zone_D_Parking
2025-11-02 23:15:00,20.548868112699356,36.98596817177453,Zone_D_Parking
2025-11-02 23:30:00,20.764420251857803,36.84795425367446,Zone_D_Parking
2025-11-02 23:45:00,24.719498295140934,42.46551452883476,Zone_D_Parking
2025-11-03 00:00:00,20.89719844785513,42.01404054427071,Zone_D_Parking
2025-11-03 00:15:00,24.505723145699907,40.87236280928355,Zone_D_Parking
2025-11-03 00:30:00,21.720959587940598,38.15777215873271,Zone_D_Parking
2025-11-03 00:45:00,22.19557910018295,39.46888980107123,Zone_D_Parking
2025-11-03 01:00:00,23.946289477454215,40.270061462361404,Zone_D_Parking
2025-11-03 01:15:00,24.43853733795693,37.48979283982241,Zone_D_Parking
2025-11-03 01:30:00,22.594985834468503,39.06521987902126,Zone_D_Parking
2025-11-03 01:45:00,22.44890800439081,41.68589712554949,Zone_D_Parking
2025-11-03 02:00:00,23.255865289372295,43.05076315128507,Zone_D_Parking
2025-11-03 02:15:00,24.19224016932273,39.14994816849817,Zone_D_Parking
2025-11-03 02:30:00,25.40342212739228,41.27309675037961,Zone_D_Parking
2025-11-03 02:45:00,24.487946713701454,35.68291870369893,Zone_D_Parking
2025-11-03 03:00:00,25.857261635169255,40.56154316934651,Zone_D_Parking
2025-11-03 03:15:00,27.864081447405724,37.34817806114545,Zone_D_Parking
2025-11-03 03:30:00,26.48435012830997,39.267259807468264,Zone_D_Parking
2025-11-03 03:45:00,26.91177695381115,37.837916561638195,Zone_D_Parking
2025-11-03 04:00:00,24.7216337623649,40.64082801956767,Zone_D_Parking
2025-11-03 04:15:00,23.631017892566394,35.90486084463417,Zone_D_Parking
2025-11-03 04:30:00,28.75572927019435,38.5513131893142,Zone_D_Parking
2025-11-03 04:45:00,28.643369000047077,36.3696218652259,Zone_D_Parking
2025-11-03 05:00:00,28.639635536602682,36.2363033145958,Zone_D_Parking
2025-11-03 05:15:00,30.414392086118234,35.80283414577835,Zone_D_Parking
2025-11-03 05:30:00,30.604132484004122,34.09181094433208,Zone_D_Parking
2025-11-03 05:45:00,33.03763908364942,35.364220843567516,Zone_D_Parking
2025-11-03 06:00:00,32.12916630238847,34.874703555756355,Zone_D_Parking
2025-11-03 06:15:00,31.53364636469618,35.0900617214326,Zone_D_Parking
2025-11-03 06:30:00,34.79051128063945,34.385853138065414,Zone_D_Parking
2025-11-03 06:45:00,33.62520660774197,35.42544716712771,Zone_D_Parking
2025-11-03 07:00:00,35.37799547653367,35.29410296147961,Zone_D_Parking
2025-11-03 07:15:00,34.49827859374242,30.97011656452543,Zone_D_Parking
2025-11-03 07:30:00,34.85209399540474,34.441444406991,Zone_D_Parking
2025-11-03 07:45:00,36.54913924746856,29.973595004466283,Zone_D_Parking
2025-11-03 08:00:00,37.01924296531553,33.17571177627547,Zone_D_Parking
2025-11-03 08:15:00,38.27544288324627,32.90605617128812,Zone_D_Parking
2025-11-03 08:30:00,37.68464566012259,27.524797642622666,Zone_D_Parking
2025-11-03 08:45:00,35.838918475345096,31.229883602458408,Zone_D_Parking
2025-11-03 09:00:00,38.421906986482895,29.820367086160086,Zone_D_Parking
2025-11-03 09:15:00,40.7091257755055,28.971430639255384,Zone_D_Parking
2025-11-03 09:30:00,39.48746928404769,32.9415846196506,Zone_D_Parking
2025-11-03 09:45:00,39.94512101925363,28.703824044909894,Zone_D_Parking
2025-11-03 10:00:00,42.13981879670329,28.191093719057267,Zone_D_Parking
2025-11-03 10:15:00,39.9007675744385,29.770153430814055,Zone_D_Parking
2025-11-03 10:30:00,38.92459049774852,30.827902297529114,Zone_D_Parking
2025-11-03 10:45:00,41.22835461566281,29.03512205100911,Zone_D_Parking
2025-11-03 11:00:00,40.93299733601758,31.537186133604095,Zone_D_Parking
2025-11-03 11:15:00,40.35848332440243,30.1772396415088,Zone_D_Parking
2025-11-03 11:30:00,41.65138092989007,24.694908192294278,Zone_D_Parking
2025-11-03 11:45:00,42.71584770325621,27.953912533554362,Zone_D_Parking
2025-11-03 12:00:00,41.98606715764828,27.876315801296602,Zone_D_Parking
2025-11-03 12:15:00,42.43906084141539,29.971568367427224,Zone_D_Parking
2025-11-03 12:30:00,44.63456016151124,23.801696719008916,Zone_D_Parking
2025-11-03 12:45:00,41.29353451169596,34.21330773501606,Zone_D_Parking
2025-11-03 13:00:00,42.07678121485768,30.26649723205401,Zone_D_Parking
2025-11-03 13:15:00,40.705481251052355,29.61617283086475,Zone_D_Parking
2025-11-03 13:30:00,39.96925574528241,31.81985823777057,Zone_D_Parking
2025-11-03 13:45:00,40.09136593520023,34.30607165642912,Zone_D_Parking
2025-11-03 14:00:00,39.942116180561854,31.545340866470173,Zone_D_Parking
2025-11-03 14:15:00,40.853909819346136,31.90880851912797,Zone_D_Parking
2025-11-03 14:30:00,43.45714708296349,30.50126000718135,Zone_D_Parking
2025-11-03 14:45:00,38.44433292037601,30.205909648392236,Zone_D_Parking
2025-11-03 15:00:00,38.44612985344228,29.805768424870912,Zone_D_Parking
2025-11-03 15:15:00,38.49877363133382,29.391701125970503,Zone_D_Parking
2025-11-03 15:30:00,38.68131256315183,29.97340322654868,Zone_D_Parking
2025-11-03 15:45:00,37.95102854812821,28.965466673196417,Zone_D_Parking
2025-11-03 16:00:00,38.926143690922174,31.848257098629954,Zone_D_Parking
2025-11-03 16:15:00,32.7832987963872,28.976932704233217,Zone_D_Parking
2025-11-03 16:30:00,32.24643951835739,33.08573245409688,Zone_D_Parking
2025-11-03 16:45:00,34.47057739501639,32.99870199209634,Zone_D_Parking
2025-11-03 17:00:00,36.23414073234078,33.74095632615825,Zone_D_Parking
2025-11-03 17:15:00,31.602431172752887,32.785194927863245,Zone_D_Parking
2025-11-03 17:30:00,28.793813412659887,40.3705635870407,Zone_D_Parking
2025-11-03 17:45:00,33.51080040163025,37.32781302497976,Zone_D_Parking
2025-11-03 18:00:00,32.36548583555407,32.510914999830554,Zone_D_Parking
2025-11-03 18:15:00,29.710656097499427,35.85815495023465,Zone_D_Parking
2025-11-03 18:30:00,29.21642867671809,34.56714486744566,Zone_D_Parking
2025-11-03 18:45:00,28.59448120038671,34.14158247868194,Zone_D_Parking
2025-11-03 19:00:00,29.5776125251857,33.87277012836726,Zone_D_Parking
2025-11-03 19:15:00,27.846132432693874,37.793070173337476,Zone_D_Parking
2025-11-03 19:30:00,28.914261554812384,35.93334012405139,Zone_D_Parking
2025-11-03 19:45:00,23.295173103453397,39.58938418936442,Zone_D_Parking
2025-11-03 20:00:00,25.714722202308305,39.987564429060875,Zone_D_Parking
2025-11-03 20:15:00,24.755216728437404,41.08125016854051,Zone_D_Parking
2025-11-03 20:30:00,25.527874692354054,36.947795041904115,Zone_D_Parking
2025-11-03 20:45:00,24.5994702112641,39.90680611198443,Zone_D_Parking
2025-11-03 21:00:00,26.125697857978178,40.50754912040389,Zone_D_Parking
2025-11-03 21:15:00,21.69259676772014,38.562682494665935,Zone_D_Parking
2025-11-03 21:30:00,24.13470381158378,38.21657612696166,Zone_D_Parking
2025-11-03 21:45:00,24.522808511792107,43.20785900536721,Zone_D_Parking
2025-11-03 22:00:00,26.124717116998546,40.65114417417074,Zone_D_Parking
2025-11-03 22:15:00,22.308623628032905,41.65317195061961,Zone_D_Parking
2025-11-03 22:30:00,23.247892581415908,38.89912517141187,Zone_D_Parking
2025-11-03 22:45:00,19.824904516205397,38.24301184392625,Zone_D_Parking
2025-11-03 23:00:00,18.752807430639784,39.65665540875019,Zone_D_Parking
2025-11-03 23:15:00,23.459308759640248,40.63666890763938,Zone_D_Parking
2025-11-03 23:30:00,22.07721094578979,38.820229154608164,Zone_D_Parking
2025-11-03 23:45:00,23.789179802311597,40.96746392213086,Zone_D_Parking
2025-11-04 00:00:00,19.939895666545375,37.622989623863,Zone_D_Parking
2025-11-04 00:15:00,22.801263976907094,38.74705869449188,Zone_D_Parking
2025-11-04 00:30:00,24.888778147077677,42.29049166479661,Zone_D_Parking
2025-11-04 00:45:00,22.821705608503596,42.092292722975166,Zone_D_Parking
2025-11-04 01:00:00,22.755613995495892,40.01180142696068,Zone_D_Parking
2025-11-04 01:15:00,22.54353282628547,38.64605215881673,Zone_D_Parking
2025-11-04 01:30:00,20.404882489198265,38.4884700920157,Zone_D_Parking
2025-11-04 01:45:00,25.06463198823864,39.6346999573135,Zone_D_Parking
2025-11-04 02:00:00,22.423459502448015,41.48518940599722,Zone_D_Parking
2025-11-04 02:15:00,24.442028761549075,41.84530905650392,Zone_D_Parking
2025-11-04 02:30:00,21.721915137230766,38.767056570783474,Zone_D_Parking
2025-11-04 02:45:00,22.71241242844856,37.2040539929043,Zone_D_Parking
2025-11-04 03:00:00,27.081563286967878,39.778327962851954,Zone_D_Parking
2025-11-04 03:15:00,24.885588415562545,37.30900494934871,Zone_D_Parking
2025-11-04 03:30:00,28.09229892397661,37.61606329632992,Zone_D_Parking
2025-11-04 03:45:00,26.326951681216205,40.98397357899169,Zone_D_Parking
2025-11-04 04:00:00,24.237153340563214,39.65423085713154,Zone_D_Parking
2025-11-04 04:15:00,28.915214497407568,37.96968076581691,Zone_D_Parking
2025-11-04 04:30:00,27.288327199715688,34.75226259196509,Zone_D_Parking
2025-11-04 04:45:00,29.833638567243952,37.35142992676028,Zone_D_Parking
2025-11-04 05:00:00,29.449625850284917,38.67822885219018,Zone_D_Parking
2025-11-04 05:15:00,27.734419437924412,35.4192746005657,Zone_D_Parking
2025-11-04 05:30:00,30.941180225855337,38.48538533329374,Zone_D_Parking
2025-11-04 05:45:00,34.64030342092777,37.97790935441728,Zone_D_Parking
2025-11-04 06:00:00,32.73947968777169,38.32746566428695,Zone_D_Parking
2025-11-04 06:15:00,32.56775466279324,35.21806747768184,Zone_D_Parking
2025-11-04 06:30:00,34.918277025135865,35.391626246291715,Zone_D_Parking
2025-11-04 06:45:00,34.26690591796594,36.65783264456541,Zone_D_Parking
2025-11-04 07:00:00,34.9024917964194,34.34187360352283,Zone_D_Parking
2025-11-04 07:15:00,33.576956894792964,32.068894992600605,Zone_D_Parking
2025-11-04 07:30:00,36.1776063623353,31.806813732753735,Zone_D_Parking
2025-11-04 07:45:00,37.97605202681543,32.82337776623347,Zone_D_Parking
2025-11-04 08:00:00,35.74590677184996,29.418877156107563,Zone_D_Parking
2025-11-04 08:15:00,39.69244606206644,31.380060771154,Zone_D_Parking
2025-11-04 08:30:00,37.950055253869515,33.540525662408186,Zone_D_Parking
2025-11-04 08:45:00,37.26180388369288,26.661417407069024,Zone_D_Parking
2025-11-04 09:00:00,40.56751592724584,33.82632351646975,Zone_D_Parking
2025-11-04 09:15:00,39.08820672118237,32.733709592532456,Zone_D_Parking
2025-11-04 09:30:00,41.07280573414152,29.320350726591634,Zone_D_Parking
2025-11-04 09:45:00,39.87705817463765,31.09796398192835,Zone_D_Parking
2025-11-04 10:00:00,40.57051482254953,29.810143031106023,Zone_D_Parking
2025-11-04 10:15:00,41.70906772182832,32.07874428768123,Zone_D_Parking
2025-11-04 10:30:00,41.67514091149788,31.422089090472163,Zone_D_Parking
2025-11-04 10:45:00,38.476003624273446,26.518277776663346,Zone_D_Parking
2025-11-04 11:00:00,39.977392652749096,30.378969869193945,Zone_D_Parking
2025-11-04 11:15:00,43.20196778121853,28.70403261029412,Zone_D_Parking
2025-11-04 11:30:00,41.716243730385784,29.216995972793338,Zone_D_Parking
2025-11-04 11:45:00,41.1929922782289,27.556502658628748,Zone_D_Parking
2025-11-04 12:00:00,39.96213897711379,32.496274138241674,Zone_D_Parking
2025-11-04 12:15:00,40.35898475047226,31.09297010037353,Zone_D_Parking
2025-11-04 12:30:00,38.88175065379518,27.571788503811202,Zone_D_Parking
2025-11-04 12:45:00,41.65593172598001,26.446067103760154,Zone_D_Parking
2025-11-04 13:00:00,40.76160189201911,28.433099780309895,Zone_D_Parking
2025-11-04 13:15:00,40.01941945847309,30.187424515211976,Zone_D_Parking
2025-11-04 13:30:00,41.13661018736094,29.937134492824725,Zone_D_Parking
2025-11-04 13:45:00,41.51468336160599,32.12502920034036,Zone_D_Parking
2025-11-04 14:00:00,43.80005093615931,31.38368702165507,Zone_D_Parking
2025-11-04 14:15:00,38.04687099368063,31.950320377690545,Zone_D_Parking
2025-11-04 14:30:00,41.67260496786314,30.89359075947346,Zone_D_Parking
2025-11-04 14:45:00,40.97805041631238,27.710363694704153,Zone_D_Parking
2025-11-04 15:00:00,37.90242870280043,30.365962250586914,Zone_D_Parking
2025-11-04 15:15:00,38.898312082879734,33.16410458921692,Zone_D_Parking
2025-11-04 15:30:00,37.40116441608079,31.244385568898384,Zone_D_Parking
2025-11-04 15:45:00,37.83423520082413,32.672759339129875,Zone_D_Parking
2025-11-04 16:00:00,39.263696520106826,31.362503369507735,Zone_D_Parking
2025-11-04 16:15:00,37.33129625113698,30.2866441616023,Zone_D_Parking
2025-11-04 16:30:00,36.589746883501064,32.457211277717235,Zone_D_Parking
2025-11-04 16:45:00,34.56893067309966,33.68945809424633,Zone_D_Parking
2025-11-04 17:00:00,32.36210545363871,32.13571029046199,Zone_D_Parking
2025-11-04 17:15:00,33.63820090435067,33.3580355781899,Zone_D_Parking
2025-11-04 17:30:00,35.115174154496394,32.33791636270772,Zone_D_Parking
2025-11-04 17:45:00,30.363279507416962,36.84607105974733,Zone_D_Parking
2025-11-04 18:00:00,30.417365947734957,34.411088484823935,Zone_D_Parking
2025-11-04 18:15:00,31.535370312049672,38.29792986563322,Zone_D_Parking
2025-11-04 18:30:00,29.217755900528587,38.84065285440213,Zone_D_Parking
2025-11-04 18:45:00,28.8603116091659,36.008450002653284,Zone_D_Parking
2025-11-04 19:00:00,28.776411676382526,34.536016805520426,Zone_D_Parking
2025-11-04 19:15:00,26.73717924068316,32.75684103635229,Zone_D_Parking
2025-11-04 19:30:00,26.711982907024552,34.35202644813696,Zone_D_Parking
2025-11-04 19:45:00,28.63225497299095,34.90606249151669,Zone_D_Parking
2025-11-04 20:00:00,25.038945326653558,40.75693925492301,Zone_D_Parking
2025-11-04 20:15:00,24.047489468061723,38.5650705725715,Zone_D_Parking
2025-11-04 20:30:00,24.96734824061195,39.4317776222363,Zone_D_Parking
2025-11-04 20:45:00,26.50447510276408,34.51523287273016,Zone_D_Parking
2025-11-04 21:00:00,24.633549476139194,36.846707828684764,Zone_D_Parking
2025-11-04 21:15:00,23.7847303080368,41.28519839776644,Zone_D_Parking
2025-11-04 21:30:00,24.13300479336106,40.33366826651259,Zone_D_Parking
2025-11-04 21:45:00,21.066742727685067,39.694407116444076,Zone_D_Parking
2025-11-04 22:00:00,24.081804442818164,41.32583713990688,Zone_D_Parking
2025-11-04 22:15:00,23.606425131778586,43.65283206146776,Zone_D_Parking
2025-11-04 22:30:00,22.14724196374355,40.101192267993625,Zone_D_Parking
2025-11-04 22:45:00,24.03958547274357,40.82032038228677,Zone_D_Parking
2025-11-04 23:00:00,20.64949758867976,41.18074879519702,Zone_D_Parking
2025-11-04 23:15:00,23.884010685848054,45.668930952967365,Zone_D_Parking
2025-11-04 23:30:00,22.317291884654775,36.74995663940481,Zone_D_Parking
2025-11-04 23:45:00,21.516581882796704,42.35359956900924,Zone_D_Parking
2025-11-05 00:00:00,21.970189546947534,40.770395502481875,Zone_D_Parking
2025-11-05 00:15:00,21.860513618897553,42.12069699179998,Zone_D_Parking
2025-11-05 00:30:00,23.915975730888473,39.633924060253406,Zone_D_Parking
2025-11-05 00:45:00,20.577128504761177,40.78678162070248,Zone_D_Parking
2025-11-05 01:00:00,21.19696287838942,42.218376116665404,Zone_D_Parking
2025-11-05 01:15:00,24.085153043157664,46.90740117905832,Zone_D_Parking
2025-11-05 01:30:00,21.867902272111344,42.159349573871864,Zone_D_Parking
2025-11-05 01:45:00,24.382072200670507,38.68510525313511,Zone_D_Parking
2025-11-05 02:00:00,25.88889993666868,39.34863305866123,Zone_D_Parking
2025-11-05 02:15:00,23.0826113365621,39.08198945704756,Zone_D_Parking
2025-11-05 02:30:00,25.088510086950606,36.16883369648738,Zone_D_Parking
2025-11-05 02:45:00,22.75106350320044,38.85085846147099,Zone_D_Parking
2025-11-05 03:00:00,26.06103213523624,40.70829885076277,Zone_D_Parking
2025-11-05 03:15:00,25.70567782797946,36.40761065244682,Zone_D_Parking
2025-11-05 03:30:00,26.621943133153117,40.74953387615351,Zone_D_Parking
2025-11-05 03:45:00,25.475939561750888,39.30897104028629,Zone_D_Parking
2025-11-05 04:00:00,24.508374876649242,36.53153335605793,Zone_D_Parking
2025-11-05 04:15:00,28.331991194934247,37.370672866638316,Zone_D_Parking
2025-11-05 04:30:00,25.07806094762992,40.492744209472605,Zone_D_Parking
2025-11-05 04:45:00,28.309579608604583,38.3957324188307,Zone_D_Parking
2025-11-05 05:00:00,30.82358234860475,36.570481580411425,Zone_D_Parking
2025-11-05 05:15:00,30.336943383648272,35.695175298174796,Zone_D_Parking
2025-11-05 05:30:00,33.617252044984205,35.93637529422363,Zone_D_Parking
2025-11-05 05:45:00,32.88363243657123,34.368891659496256,Zone_D_Parking
2025-11-05 06:00:00,31.019152417511634,30.79050098856197,Zone_D_Parking
2025-11-05 06:15:00,32.69500136207859,38.691937045688604,Zone_D_Parking
2025-11-05 06:30:00,33.23420586838386,34.52749284507849,Zone_D_Parking
2025-11-05 06:45:00,31.57763807514209,34.62575259814831,Zone_D_Parking
2025-11-05 07:00:00,33.17759207629867,33.33127022963106,Zone_D_Parking
2025-11-05 07:15:00,34.37325329256183,31.601129606731856,Zone_D_Parking
2025-11-05 07:30:00,32.772503569367,32.33205044391192,Zone_D_Parking
2025-11-05 07:45:00,36.49412710456748,29.147478334297368,Zone_D_Parking
2025-11-05 08:00:00,36.62639223302044,36.55417299610661,Zone_D_Parking
2025-11-05 08:15:00,35.04636147822866,29.197554605037592,Zone_D_Parking
2025-11-05 08:30:00,38.6939335880032,29.283498858253317,Zone_D_Parking
2025-11-05 08:45:00,39.66726726803713,30.163406700626787,Zone_D_Parking
2025-11-05 09:00:00,39.41161953016281,33.33351076258547,Zone_D_Parking
2025-11-05 09:15:00,39.03229581197632,30.517979153651442,Zone_D_Parking
2025-11-05 09:30:00,40.820696630540134,27.767608366191663,Zone_D_Parking
2025-11-05 09:45:00,41.335026663740486,32.51985904769941,Zone_D_Parking
2025-11-05 10:00:00,41.12135939242391,31.265848830864332,Zone_D_Parking
2025-11-05 10:15:00,39.731809039674744,30.695633465236774,Zone_D_Parking
2025-11-05 10:30:00,41.65369647337964,30.888191287273962,Zone_D_Parking
2025-11-05 10:45:00,43.26252227118927,34.107143024194265,Zone_D_Parking
2025-11-05 11:00:00,40.764314674973086,33.574634832337814,Zone_D_Parking
2025-11-05 11:15:00,44.95476181273096,27.741857631574028,Zone_D_Parking
2025-11-05 11:30:00,41.12600221276003,32.29910081737944,Zone_D_Parking
2025-11-05 11:45:00,42.02719975239624,29.77918284008618,Zone_D_Parking
2025-11-05 12:00:00,40.9912716059905,29.9981916322755,Zone_D_Parking
2025-11-05 12:15:00,42.313495486266426,25.62830479728172,Zone_D_Parking
2025-11-05 12:30:00,39.30111607478519,28.710559300980744,Zone_D_Parking
2025-11-05 12:45:00,40.988790105807226,27.489641136907487,Zone_D_Parking
2025-11-05 13:00:00,40.02107646236783,30.860562672052207,Zone_D_Parking
2025-11-05 13:15:00,41.672308816789496,31.460580223834977,Zone_D_Parking
2025-11-05 13:30:00,42.73046638837623,25.307750102899657,Zone_D_Parking
2025-11-05 13:45:00,41.93773669599871,29.57469382279533,Zone_D_Parking
2025-11-05 14:00:00,37.10276499655605,32.047570586881875,Zone_D_Parking
2025-11-05 14:15:00,43.37780060241727,29.63782440155784,Zone_D_Parking
2025-11-05 14:30:00,40.376453313843655,31.698007248257316,Zone_D_Parking
2025-11-05 14:45:00,38.35364936405027,31.1912920903803,Zone_D_Parking
2025-11-05 15:00:00,39.30675969035189,31.44067977678597,Zone_D_Parking
2025-11-05 15:15:00,38.85774288475473,30.501295153262994,Zone_D_Parking
2025-11-05 15:30:00,37.087341214659865,28.914269817676256,Zone_D_Parking
2025-11-05 15:45:00,37.85257733120914,29.42351830703233,Zone_D_Parking
2025-11-05 16:00:00,36.08879156856954,33.41870502891064,Zone_D_Parking
2025-11-05 16:15:00,35.81634391315498,32.38518436972376,Zone_D_Parking
2025-11-05 16:30:00,34.79741562001827,32.42687491659501,Zone_D_Parking
2025-11-05 16:45:00,33.06538771842214,32.22358312353632,Zone_D_Parking
2025-11-05 17:00:00,34.80694515634829,32.83670803842337,Zone_D_Parking
2025-11-05 17:15:00,34.828852374935785,35.92328165687951,Zone_D_Parking
2025-11-05 17:30:00,34.07758731631508,33.54635468294364,Zone_D_Parking
2025-11-05 17:45:00,33.883919171254284,31.925451798016002,Zone_D_Parking
2025-11-05 18:00:00,32.4865103150223,36.487303551080345,Zone_D_Parking
2025-11-05 18:15:00,30.546880460373217,34.98266544765142,Zone_D_Parking
2025-11-05 18:30:00,31.954233874446263,35.84594888438586,Zone_D_Parking
2025-11-05 18:45:00,28.012820470075816,39.38569854489579,Zone_D_Parking
2025-11-05 19:00:00,28.06080247520607,36.51179315591411,Zone_D_Parking
2025-11-05 19:15:00,27.339305239833518,37.507004138056416,Zone_D_Parking
2025-11-05 19:30:00,29.793249765058068,34.93825361159389,Zone_D_Parking
2025-11-05 19:45:00,28.9912958690201,37.21439323661209,Zone_D_Parking
2025-11-05 20:00:00,27.730957855567496,39.2190520904172,Zone_D_Parking
2025-11-05 20:15:00,28.052192467621676,35.22267393043512,Zone_D_Parking
2025-11-05 20:30:00,24.59346153629481,39.054258760283744,Zone_D_Parking
2025-11-05 20:45:00,25.929434528790782,39.157657035890026,Zone_D_Parking
2025-11-05 21:00:00,24.741170545559783,39.325215598294164,Zone_D_Parking
2025-11-05 21:15:00,25.751925081037598,41.585356642190355,Zone_D_Parking
2025-11-05 21:30:00,23.893630248259353,40.428997071444456,Zone_D_Parking
2025-11-05 21:45:00,23.107889544359427,42.944961470528156,Zone_D_Parking
2025-11-05 22:00:00,24.1511087399971,38.20897339151856,Zone_D_Parking
2025-11-05 22:15:00,24.34552633545997,40.65308558363282,Zone_D_Parking
2025-11-05 22:30:00,21.758686882616928,40.712210767847616,Zone_D_Parking
2025-11-05 22:45:00,22.43908519802038,38.54307178946048,Zone_D_Parking
2025-11-05 23:00:00,20.75308078664684,42.7081449619171,Zone_D_Parking
2025-11-05 23:15:00,18.44505566972829,45.53405829412502,Zone_D_Parking
2025-11-05 23:30:00,22.38624083338249,40.9146570192752,Zone_D_Parking
2025-11-05 23:45:00,22.93476880199591,41.99719571597916,Zone_D_Parking
2025-11-06 00:00:00,22.39310021363009,41.16903695163065,Zone_D_Parking
2025-11-06 00:15:00,19.097068190982412,39.559984199617276,Zone_D_Parking
2025-11-06 00:30:00,21.559277241147186,37.30714861263883,Zone_D_Parking
2025-11-06 00:45:00,18.864625555891074,39.47316471622865,Zone_D_Parking
2025-11-06 01:00:00,24.395293398590596,38.01163819583095,Zone_D_Parking
2025-11-06 01:15:00,20.901616831871817,44.08978493308887,Zone_D_Parking
2025-11-06 01:30:00,24.644310089076978,40.31305780722125,Zone_D_Parking
2025-11-06 01:45:00,24.450077050199337,39.68939779110179,Zone_D_Parking
2025-11-06 02:00:00,21.988860433351523,41.97446007228224,Zone_D_Parking
2025-11-06 02:15:00,21.986126450072934,37.74531546810349,Zone_D_Parking
2025-11-06 02:30:00,24.592021921667154,38.22639196573831,Zone_D_Parking
2025-11-06 02:45:00,23.21511586943562,39.64718338337111,Zone_D_Parking
2025-11-06 03:00:00,25.082659151371836,41.30017866996624,Zone_D_Parking
2025-11-06 03:15:00,24.682300462788934,39.95944498093799,Zone_D_Parking
2025-11-06 03:30:00,23.240648088214343,39.14921885908409,Zone_D_Parking
2025-11-06 03:45:00,23.098595641117292,38.48965686858965,Zone_D_Parking
2025-11-06 04:00:00,27.340026372741896,38.800471711053554,Zone_D_Parking
2025-11-06 04:15:00,26.73477647831405,38.05703795157252,Zone_D_Parking
2025-11-06 04:30:00,27.3435309509779,35.23615604463667,Zone_D_Parking
2025-11-06 04:45:00,29.82940110560906,37.02079523508527,Zone_D_Parking
2025-11-06 05:00:00,31.171972963923462,34.40553695277962,Zone_D_Parking
2025-11-06 05:15:00,29.640279697796004,36.332707017898414,Zone_D_Parking
2025-11-06 05:30:00,30.183840017434694,34.82186127034383,Zone_D_Parking
2025-11-06 05:45:00,32.0961832573694,40.471182020946586,Zone_D_Parking
2025-11-06 06:00:00,29.964596645450637,34.92021123249658,Zone_D_Parking
2025-11-06 06:15:00,32.98876087442298,31.79910209209596,Zone_D_Parking
2025-11-06 06:30:00,34.13309087993375,33.94848242532584,Zone_D_Parking
2025-11-06 06:45:00,34.971248532787726,34.86817555917901,Zone_D_Parking
2025-11-06 07:00:00,31.68306139727151,36.79381362168992,Zone_D_Parking
2025-11-06 07:15:00,34.07236174831821,31.892458408303597,Zone_D_Parking
2025-11-06 07:30:00,34.5094394444157,29.53904345776218,Zone_D_Parking
2025-11-06 07:45:00,36.57271733380384,33.97994188154795,Zone_D_Parking
2025-11-06 08:00:00,37.72111686965198,29.2388025882007,Zone_D_Parking
2025-11-06 08:15:00,39.800767941364995,30.794267718867417,Zone_D_Parking
2025-11-06 08:30:00,37.34516606953509,30.832190454925687,Zone_D_Parking
2025-11-06 08:45:00,37.847099403536866,30.90465820279937,Zone_D_Parking
2025-11-06 09:00:00,40.795575840183595,32.13568822702939,Zone_D_Parking
2025-11-06 09:15:00,39.963263482585226,29.12169259055336,Zone_D_Parking
2025-11-06 09:30:00,41.83501066969431,29.692421453919067,Zone_D_Parking
2025-11-06 09:45:00,40.747788127540204,29.982641620285953,Zone_D_Parking
2025-11-06 10:00:00,38.92457910977448,30.103043492330944,Zone_D_Parking
2025-11-06 10:15:00,38.96903488316017,29.814417900219716,Zone_D_Parking
2025-11-06 10:30:00,38.91152695152447,30.32873435537744,Zone_D_Parking
2025-11-06 10:45:00,42.46237904708876,31.00609824231284,Zone_D_Parking
2025-11-06 11:00:00,43.44215349752119,29.989713273567524,Zone_D_Parking
2025-11-06 11:15:00,44.58189601611188,30.022459364599055,Zone_D_Parking
2025-11-06 11:30:00,43.17910661222296,25.886884498264184,Zone_D_Parking
2025-11-06 11:45:00,43.72284709868851,29.11330185889974,Zone_D_Parking
2025-11-06 12:00:00,41.12997550101947,29.959015096003217,Zone_D_Parking
2025-11-06 12:15:00,40.24396550727025,30.470728849709282,Zone_D_Parking
2025-11-06 12:30:00,43.189567612364435,27.66662928328955,Zone_D_Parking
2025-11-06 12:45:00,42.43437393239141,27.797209767803327,Zone_D_Parking
2025-11-06 13:00:00,41.82042482440202,28.056243691698395,Zone_D_Parking
2025-11-06 13:15:00,42.05035851590054,30.391247022812053,Zone_D_Parking
2025-11-06 13:30:00,41.723573548800175,31.524484914780697,Zone_D_Parking
2025-11-06 13:45:00,42.89445270510723,28.803843336220666,Zone_D_Parking
2025-11-06 14:00:00,42.60273241506982,31.619772204547466,Zone_D_Parking
2025-11-06 14:15:00,41.13102665153597,30.25814194451392,Zone_D_Parking
2025-11-06 14:30:00,41.202237711756744,29.991308403927714,Zone_D_Parking
2025-11-06 14:45:00,40.289491903426935,30.066192695490194,Zone_D_Parking
2025-11-06 15:00:00,38.379313213813546,32.25058204208503,Zone_D_Parking
2025-11-06 15:15:00,39.7283051633704,31.69508074297373,Zone_D_Parking
2025-11-06 15:30:00,35.99587168679832,35.899082281242954,Zone_D_Parking
2025-11-06 15:45:00,39.136539658639855,29.962129315887736,Zone_D_Parking
2025-11-06 16:00:00,35.208215590350946,33.036203404059954,Zone_D_Parking
2025-11-06 16:15:00,36.85159183238211,31.287865839062967,Zone_D_Parking
2025-11-06 16:30:00,34.559103386011664,30.96532543183217,Zone_D_Parking
2025-11-06 16:45:00,36.04447812764326,33.049628934111084,Zone_D_Parking
2025-11-06 17:00:00,34.53730261213335,33.72179068819894,Zone_D_Parking
2025-11-06 17:15:00,31.55876928291628,39.66580517802342,Zone_D_Parking
2025-11-06 17:30:00,33.93631136872824,33.848551215313286,Zone_D_Parking
2025-11-06 17:45:00,31.787150127052367,32.34722376564977,Zone_D_Parking
2025-11-06 18:00:00,33.32172008122005,35.54602143498877,Zone_D_Parking
2025-11-06 18:15:00,31.34795724080018,31.243138700288117,Zone_D_Parking
2025-11-06 18:30:00,31.28786955588154,35.599243588111776,Zone_D_Parking
2025-11-06 18:45:00,28.612743347315902,36.20259249668709,Zone_D_Parking
2025-11-06 19:00:00,28.52781120183375,38.14211503650555,Zone_D_Parking
2025-11-06 19:15:00,28.097647392816757,38.87588129067466,Zone_D_Parking
2025-11-06 19:30:00,29.458219396712938,36.288961356375104,Zone_D_Parking
2025-11-06 19:45:00,30.09317872951822,37.35250411205414,Zone_D_Parking
2025-11-06 20:00:00,25.79224237238569,36.46775833877866,Zone_D_Parking
2025-11-06 20:15:00,28.0595698867905,36.07729628850222,Zone_D_Parking
2025-11-06 20:30:00,22.657869583324242,39.272358132813594,Zone_D_Parking
2025-11-06 20:45:00,23.615257747360875,36.40890379340721,Zone_D_Parking
2025-11-06 21:00:00,23.490764503854365,38.413386885975555,Zone_D_Parking
2025-11-06 21:15:00,22.452838891049144,37.52069092507539,Zone_D_Parking
2025-11-06 21:30:00,21.69108401240628,40.85948641432793,Zone_D_Parking
2025-11-06 21:45:00,24.304802245181243,43.59167787234824,Zone_D_Parking
2025-11-06 22:00:00,23.018644415563823,37.59297645709997,Zone_D_Parking
2025-11-06 22:15:00,23.600380681080782,36.675199483400995,Zone_D_Parking
2025-11-06 22:30:00,23.7969137040694,40.293503424367586,Zone_D_Parking
2025-11-06 22:45:00,22.929124194807745,40.71297636888615,Zone_D_Parking
2025-11-06 23:00:00,23.32738650133488,41.23287357124901,Zone_D_Parking
2025-11-06 23:15:00,22.087848766604296,39.99207065195069,Zone_D_Parking
2025-11-06 23:30:00,20.30506130380328,40.54739057059199,Zone_D_Parking
2025-11-06 23:45:00,23.60813203884516,41.72217436051283,Zone_D_Parking
2025-11-07 00:00:00,21.11633180082831,43.08086178528968,Zone_D_Parking
2025-11-07 00:15:00,20.618016319470325,37.07705599879506,Zone_D_Parking
2025-11-07 00:30:00,21.8186745725553,40.210790290179936,Zone_D_Parking
2025-11-07 00:45:00,20.822930817022925,41.312329270301504,Zone_D_Parking
2025-11-07 01:00:00,21.71459616412517,38.959602748512935,Zone_D_Parking
2025-11-07 01:15:00,23.046779587394145,44.143920040505236,Zone_D_Parking
2025-11-07 01:30:00,23.28371728375632,39.27245743461025,Zone_D_Parking
2025-11-07 01:45:00,21.684527485034675,40.29865107518157,Zone_D_Parking
2025-11-07 02:00:00,22.608187902732496,41.308196616391214,Zone_D_Parking
2025-11-07 02:15:00,25.296803384129916,38.80624809621148,Zone_D_Parking
2025-11-07 02:30:00,24.81106677368856,36.06697394613858,Zone_D_Parking
2025-11-07 02:45:00,27.59419948423304,38.6537297910408,Zone_D_Parking
2025-11-07 03:00:00,26.699124448746815,41.30152179897337,Zone_D_Parking
2025-11-07 03:15:00,27.12298145183922,38.28228463703014,Zone_D_Parking
2025-11-07 03:30:00,23.83058288422909,36.95969997113437,Zone_D_Parking
2025-11-07 03:45:00,27.590088197254115,40.18476581712306,Zone_D_Parking
2025-11-07 04:00:00,26.920339797454634,37.3384502079539,Zone_D_Parking
2025-11-07 04:15:00,26.750640392502614,36.633410514013576,Zone_D_Parking
2025-11-07 04:30:00,28.425188687147894,37.59501277351716,Zone_D_Parking
2025-11-07 04:45:00,30.20342264888561,38.47013721105654,Zone_D_Parking
2025-11-07 05:00:00,30.163056935481112,41.31634133408022,Zone_D_Parking
2025-11-07 05:15:00,28.731386077825626,37.825014147411615,Zone_D_Parking
2025-11-07 05:30:00,31.808426448188417,38.102837086097,Zone_D_Parking
2025-11-07 05:45:00,30.389587394584623,34.38048637740515,Zone_D_Parking
2025-11-07 06:00:00,32.32502467844643,32.94826378806105,Zone_D_Parking
2025-11-07 06:15:00,32.19900619108573,34.73224392385738,Zone_D_Parking
2025-11-07 06:30:00,32.97696254459708,34.43118267719888,Zone_D_Parking
2025-11-07 06:45:00,35.10026768272204,31.672432585174036,Zone_D_Parking
2025-11-07 07:00:00,33.02789987130136,33.09649666957685,Zone_D_Parking
2025-11-07 07:15:00,38.13218726444702,33.86999841161929,Zone_D_Parking
2025-11-07 07:30:00,33.09520521970916,33.42468619584562,Zone_D_Parking
2025-11-07 07:45:00,35.52638537730773,33.35484356545454,Zone_D_Parking
2025-11-07 08:00:00,37.555317834912614,32.581929460274885,Zone_D_Parking
2025-11-07 08:15:00,38.432173579848985,30.652561283342273,Zone_D_Parking
2025-11-07 08:30:00,37.93690070922965,30.31963017264999,Zone_D_Parking
2025-11-07 08:45:00,38.50737209649838,28.646022313411837,Zone_D_Parking
2025-11-07 09:00:00,39.686892939856904,34.32690939125091,Zone_D_Parking
2025-11-07 09:15:00,39.17179385860325,30.51586188436472,Zone_D_Parking
2025-11-07 09:30:00,42.023305289814715,29.79017384666288,Zone_D_Parking
2025-11-07 09:45:00,41.57371979437285,28.153598163279813,Zone_D_Parking
2025-11-07 10:00:00,41.96949056435283,35.67516338194893,Zone_D_Parking
2025-11-07 10:15:00,39.519492330271255,27.472107486358077,Zone_D_Parking
2025-11-07 10:30:00,41.119712688504315,28.599026953720134,Zone_D_Parking
2025-11-07 10:45:00,41.018602371869996,30.15009289560149,Zone_D_Parking
2025-11-07 11:00:00,40.15085619935648,30.404870973754146,Zone_D_Parking
2025-11-07 11:15:00,42.348099079950956,31.031152428011985,Zone_D_Parking
2025-11-07 11:30:00,41.107979977068375,32.66654784729566,Zone_D_Parking
2025-11-07 11:45:00,42.96169497716139,30.025161771489806,Zone_D_Parking
2025-11-07 12:00:00,40.3947126556585,26.887938400066666,Zone_D_Parking
2025-11-07 12:15:00,44.55715015164877,28.498956210324817,Zone_D_Parking
2025-11-07 12:30:00,40.56994962585001,29.666995576784906,Zone_D_Parking
2025-11-07 12:45:00,42.13680630983296,33.25174040059227,Zone_D_Parking
2025-11-07 13:00:00,42.84704722847278,26.408834085416995,Zone_D_Parking
2025-11-07 13:15:00,40.61334064965089,31.72357223347982,Zone_D_Parking
2025-11-07 13:30:00,42.517498290262296,29.816551544025113,Zone_D_Parking
2025-11-07 13:45:00,39.12495201862626,31.29442462126283,Zone_D_Parking
2025-11-07 14:00:00,42.83843058661823,29.599858144021503,Zone_D_Parking
2025-11-07 14:15:00,40.335920020474084,28.326317065932077,Zone_D_Parking
2025-11-07 14:30:00,39.03891629095904,31.74162551705525,Zone_D_Parking
2025-11-07 14:45:00,39.06962541614862,31.797823209337377,Zone_D_Parking
2025-11-07 15:00:00,40.28444671595455,32.70147324436016,Zone_D_Parking
2025-11-07 15:15:00,37.716775213225034,31.01731583864232,Zone_D_Parking
2025-11-07 15:30:00,36.96357775595304,30.147787379307978,Zone_D_Parking
2025-11-07 15:45:00,37.22339743382042,28.549004611834704,Zone_D_Parking
2025-11-07 16:00:00,35.23455683084505,33.638746536278816,Zone_D_Parking
2025-11-07 16:15:00,39.15370276410274,33.19404682357396,Zone_D_Parking
2025-11-07 16:30:00,34.97724243682882,30.77233414008154,Zone_D_Parking
2025-11-07 16:45:00,36.461819832302226,31.994215861587776,Zone_D_Parking
2025-11-07 17:00:00,34.90239557649687,32.513568105481994,Zone_D_Parking
2025-11-07 17:15:00,32.474102144438326,30.863489203938396,Zone_D_Parking
2025-11-07 17:30:00,33.29632985838143,32.581478053469425,Zone_D_Parking
2025-11-07 17:45:00,33.830035461267556,32.33992051100643,Zone_D_Parking
2025-11-07 18:00:00,31.71760799737054,34.17504197622413,Zone_D_Parking
2025-11-07 18:15:00,33.135638126475115,33.915023778721725,Zone_D_Parking
2025-11-07 18:30:00,32.227011166972275,32.52914731158681,Zone_D_Parking
2025-11-07 18:45:00,31.427469061826216,40.21572239323573,Zone_D_Parking
2025-11-07 19:00:00,28.722324390565294,39.05799573267359,Zone_D_Parking
2025-11-07 19:15:00,27.165841675296154,35.37059794877899,Zone_D_Parking
2025-11-07 19:30:00,27.25278426830491,37.84094338749776,Zone_D_Parking
2025-11-07 19:45:00,27.871474508810067,38.4886623209566,Zone_D_Parking
2025-11-07 20:00:00,27.818680070298537,40.38217170954695,Zone_D_Parking
2025-11-07 20:15:00,23.18694056266331,36.69621134479745,Zone_D_Parking
2025-11-07 20:30:00,25.90021590749517,40.83678214201718,Zone_D_Parking
2025-11-07 20:45:00,25.643675686984086,37.86026428218654,Zone_D_Parking
2025-11-07 21:00:00,24.512615803661202,36.57091587878206,Zone_D_Parking
2025-11-07 21:15:00,26.418512683734047,40.95931196350286,Zone_D_Parking
2025-11-07 21:30:00,24.699136708463957,42.34163688999227,Zone_D_Parking
2025-11-07 21:45:00,25.650591739095894,45.16463562087664,Zone_D_Parking
2025-11-07 22:00:00,23.015805181630267,37.79670189252621,Zone_D_Parking
2025-11-07 22:15:00,24.437488823433505,41.77907581935771,Zone_D_Parking
2025-11-07 22:30:00,25.213804266678412,39.723674707480654,Zone_D_Parking
2025-11-07 22:45:00,24.498238878957935,42.248298198018695,Zone_D_Parking
2025-11-07 23:00:00,20.70252934696622,37.85457585527191,Zone_D_Parking
2025-11-07 23:15:00,21.81163307965413,38.35917213102225,Zone_D_Parking
2025-11-07 23:30:00,21.567804328087202,39.39691952190989,Zone_D_Parking
2025-11-07 23:45:00,22.755292570228455,41.14508163076779,Zone_D_Parking
2025-11-08 00:00:00,23.0295303325218,39.71783746692329,Zone_D_Parking
2025-11-08 00:15:00,20.76307175657536,42.30526222725846,Zone_D_Parking
2025-11-08 00:30:00,22.187309157137303,43.002458404758684,Zone_D_Parking
2025-11-08 00:45:00,19.16225619773349,42.08386676491009,Zone_D_Parking
2025-11-08 01:00:00,24.503659245812152,44.03313023705615,Zone_D_Parking
2025-11-08 01:15:00,21.762137344033903,41.51323403588132,Zone_D_Parking
2025-11-08 01:30:00,22.845000584653878,38.10948377438739,Zone_D_Parking
2025-11-08 01:45:00,22.566798013691027,43.10798947627281,Zone_D_Parking
2025-11-08 02:00:00,25.058787324675738,38.98583995149464,Zone_D_Parking
2025-11-08 02:15:00,19.42904421487848,41.80965467318641,Zone_D_Parking
2025-11-08 02:30:00,24.041551083598783,42.907588474857626,Zone_D_Parking
2025-11-08 02:45:00,24.32287378896368,40.424414866334665,Zone_D_Parking
2025-11-08 03:00:00,24.248477606747,36.25032306078998,Zone_D_Parking
2025-11-08 03:15:00,27.99588166745276,37.119650557580826,Zone_D_Parking
2025-11-08 03:30:00,24.581391521629136,41.2980575078226,Zone_D_Parking
2025-11-08 03:45:00,27.601991935657473,37.995176026831984,Zone_D_Parking
2025-11-08 04:00:00,27.534379183059126,38.159147069884334,Zone_D_Parking
2025-11-08 04:15:00,29.469391976613263,39.17138097364123,Zone_D_Parking
2025-11-08 04:30:00,27.172382049182843,38.688746318351185,Zone_D_Parking
2025-11-08 04:45:00,27.686151998282746,37.48623641658989,Zone_D_Parking
2025-11-08 05:00:00,31.05591441019089,36.135577528174196,Zone_D_Parking
2025-11-08 05:15:00,30.68707874233388,35.545205040632055,Zone_D_Parking
2025-11-08 05:30:00,28.377332057784347,37.498954803903,Zone_D_Parking
2025-11-08 05:45:00,30.537011186003664,36.49955783751645,Zone_D_Parking
2025-11-08 06:00:00,32.57957398077209,34.48539999876442,Zone_D_Parking
2025-11-08 06:15:00,33.910677624621314,36.77180585060542,Zone_D_Parking
2025-11-08 06:30:00,32.28641594241108,33.95877461642012,Zone_D_Parking
2025-11-08 06:45:00,29.579519235435868,32.126133719234446,Zone_D_Parking
2025-11-08 07:00:00,35.373025229630755,31.929144331578183,Zone_D_Parking
2025-11-08 07:15:00,33.383913618115656,31.1138815355615,Zone_D_Parking
2025-11-08 07:30:00,32.800826126467285,32.159079372602086,Zone_D_Parking
2025-11-08 07:45:00,32.1743980147138,34.81371641535838,Zone_D_Parking
2025-11-08 08:00:00,38.22097129029661,30.38980963793898,Zone_D_Parking
2025-11-08 08:15:00,37.74862850580347,32.04353012391859,Zone_D_Parking
2025-11-08 08:30:00,37.749129719018825,30.03405273469285,Zone_D_Parking
2025-11-08 08:45:00,40.67699469544483,30.523307026856713,Zone_D_Parking
2025-11-08 09:00:00,40.02705483640008,27.737276888910213,Zone_D_Parking
2025-11-08 09:15:00,41.94284813887265,30.04788469681306,Zone_D_Parking
2025-11-08 09:30:00,37.84443019466186,29.852469198642662,Zone_D_Parking
2025-11-08 09:45:00,40.26287018709451,31.09175821425612,Zone_D_Parking
2025-11-08 10:00:00,38.23518397542236,30.25040940380411,Zone_D_Parking
2025-11-08 10:15:00,40.62465391754368,27.22197930089978,Zone_D_Parking
2025-11-08 10:30:00,40.86587154446285,31.625119293019367,Zone_D_Parking
2025-11-08 10:45:00,42.40922175084566,29.73902530347336,Zone_D_Parking
2025-11-08 11:00:00,41.72760408460353,29.601232076620562,Zone_D_Parking
2025-11-08 11:15:00,42.74296351145218,29.09692361081034,Zone_D_Parking
2025-11-08 11:30:00,42.96960881344644,28.0158159373127,Zone_D_Parking
2025-11-08 11:45:00,45.21098224846075,29.44845114006583,Zone_D_Parking
2025-11-08 12:00:00,41.527055017070815,29.951176871857164,Zone_D_Parking
2025-11-08 12:15:00,40.567055181386465,25.51905507787727,Zone_D_Parking
2025-11-08 12:30:00,42.283574036712714,27.973809157064945,Zone_D_Parking
2025-11-08 12:45:00,40.60443276332299,28.60539437677344,Zone_D_Parking
2025-11-08 13:00:00,43.882199415545486,29.716786253654146,Zone_D_Parking
2025-11-08 13:15:00,41.04447423653321,31.705041234883616,Zone_D_Parking
2025-11-08 13:30:00,40.39043077330188,27.913241175738715,Zone_D_Parking
2025-11-08 13:45:00,40.2617538336002,28.622839857168184,Zone_D_Parking
2025-11-08 14:00:00,41.73788017305185,28.778779356000268,Zone_D_Parking
2025-11-08 14:15:00,40.07807564817822,28.408127145975648,Zone_D_Parking
2025-11-08 14:30:00,38.97103317271678,29.54550696802806,Zone_D_Parking
2025-11-08 14:45:00,42.01642595122507,32.030565595102075,Zone_D_Parking
2025-11-08 15:00:00,37.78681305087285,28.649688322152024,Zone_D_Parking
2025-11-08 15:15:00,38.64680726205018,31.899553899705396,Zone_D_Parking
2025-11-08 15:30:00,39.06607351750255,27.943626965911005,Zone_D_Parking
2025-11-08 15:45:00,35.108699664570416,30.543902608997975,Zone_D_Parking
2025-11-08 16:00:00,37.72039075210889,31.341021399564028,Zone_D_Parking
2025-11-08 16:15:00,34.840225388969344,35.69598720451412,Zone_D_Parking
2025-11-08 16:30:00,37.061008494901905,32.154294796304086,Zone_D_Parking
2025-11-08 16:45:00,33.77041813515316,28.668876261279188,Zone_D_Parking
2025-11-08 17:00:00,35.6273439987985,29.449307915662374,Zone_D_Parking
2025-11-08 17:15:00,35.60965281960335,33.89751724059659,Zone_D_Parking
2025-11-08 17:30:00,34.59741671064973,35.44438455825951,Zone_D_Parking
2025-11-08 17:45:00,33.031006264658586,35.35849293987364,Zone_D_Parking
2025-11-08 18:00:00,31.65304858560545,35.33514021160198,Zone_D_Parking
2025-11-08 18:15:00,30.481339343196304,37.71693797039219,Zone_D_Parking
2025-11-08 18:30:00,32.90129011402514,34.703974711846044,Zone_D_Parking
2025-11-08 18:45:00,28.999853949587255,37.96036304415042,Zone_D_Parking
2025-11-08 19:00:00,27.856210438619797,33.28888450056229,Zone_D_Parking
2025-11-08 19:15:00,29.78365874951763,35.11874112594283,Zone_D_Parking
2025-11-08 19:30:00,26.978960471569362,33.68201780432691,Zone_D_Parking
2025-11-08 19:45:00,26.152017851610793,37.104041539974425,Zone_D_Parking
2025-11-08 20:00:00,24.834593606745358,37.90747756546732,Zone_D_Parking
2025-11-08 20:15:00,25.719932910613203,38.56162438257065,Zone_D_Parking
2025-11-08 20:30:00,25.788313174068055,38.7763352798266,Zone_D_Parking
2025-11-08 20:45:00,25.771179440490357,37.10096822897695,Zone_D_Parking
2025-11-08 21:00:00,26.355891554583753,38.862158998292855,Zone_D_Parking
2025-11-08 21:15:00,25.271948810708917,36.51614550766237,Zone_D_Parking
2025-11-08 21:30:00,23.78015826775788,42.48657799201192,Zone_D_Parking
2025-11-08 21:45:00,23.388010362404966,39.381565528019266,Zone_D_Parking
2025-11-08 22:00:00,24.10498216552839,39.21838018461925,Zone_D_Parking
2025-11-08 22:15:00,24.940127829065972,43.559117106084294,Zone_D_Parking
2025-11-08 22:30:00,22.95067597411193,38.05878412796927,Zone_D_Parking
2025-11-08 22:45:00,21.82700242373333,38.430406548906696,Zone_D_Parking
2025-11-08 23:00:00,20.851442735481,38.60311430799728,Zone_D_Parking
2025-11-08 23:15:00,20.02433929934936,40.74896891902041,Zone_D_Parking
2025-11-08 23:30:00,23.084955894327184,41.81193242751805,Zone_D_Parking
2025-11-08 23:45:00,22.888378553073302,42.46650447566729,Zone_D_Parking
